Time_of_Flight_(µs),Corrected_Flux,Corrected_Flux_Uncertainty
-5.000000000000000000e+00,1.234800000000000000e+04,1.111215550647120835e+02
-3.000000000000000000e+00,1.230000000000000000e+04,1.109053650640944397e+02
-1.000000000000000666e+00,1.250600000000000000e+04,1.118302284715537098e+02
1.000000000000000666e+00,1.249800000000000000e+04,1.117944542452805763e+02
3.000000000000000000e+00,1.238700000000000000e+04,1.112969002263762377e+02
5.000000000000000000e+00,1.246100000000000000e+04,1.116288493177271448e+02
7.000000000000000888e+00,1.243200000000000000e+04,1.114988789181315951e+02
8.999999999999998224e+00,1.252600000000000000e+04,1.119196140093408758e+02
1.100000000000000000e+01,1.248100000000000000e+04,1.117183959784597391e+02
1.300000000000000178e+01,1.242900000000000000e+04,1.114854250563730602e+02
1.499999999999999822e+01,1.256100000000000000e+04,1.120758671614894411e+02
1.700000000000000000e+01,1.241900000000000000e+04,1.114405671198783239e+02
1.899999999999999645e+01,1.250600000000000000e+04,1.118302284715537098e+02
2.100000000000000000e+01,1.249800000000000000e+04,1.117944542452805763e+02
2.300000000000000000e+01,1.241900000000000000e+04,1.114405671198783239e+02
2.500000000000000000e+01,1.243700000000000000e+04,1.115212984142490313e+02
2.699999999999999645e+01,1.252000000000000000e+04,1.118928058455949213e+02
2.899999999999999645e+01,1.243500000000000000e+04,1.115123311566931079e+02
3.099999999999999289e+01,1.240100000000000000e+04,1.113597772986286145e+02
3.300000000000000000e+01,1.232600000000000000e+04,1.110225202380133851e+02
3.500000000000000000e+01,1.233700000000000000e+04,1.110720486891277687e+02
3.700000000000000711e+01,1.245700000000000000e+04,1.116109313642700727e+02
3.900000000000000000e+01,1.231100000000000000e+04,1.109549458113524452e+02
4.099999999999999289e+01,1.246400000000000000e+04,1.116422858956229902e+02
4.300000000000000000e+01,1.257900000000000000e+04,1.121561411604379828e+02
4.499999999999999289e+01,1.268600000000000000e+04,1.126321446124511567e+02
4.700000000000000711e+01,1.228200000000000000e+04,1.108241850861086277e+02
4.900000000000000000e+01,1.249500000000000000e+04,1.117810359586983395e+02
5.100000000000000711e+01,1.227400000000000000e+04,1.107880860020613909e+02
5.300000000000000000e+01,1.229000000000000000e+04,1.108602724153242889e+02
5.499999999999999289e+01,1.237700000000000000e+04,1.112519662747581606e+02
5.700000000000000000e+01,1.253000000000000000e+04,1.119374825516460987e+02
5.900000000000000000e+01,1.243200000000000000e+04,1.114988789181315951e+02
6.100000000000000711e+01,1.233700000000000000e+04,1.110720486891277687e+02
6.300000000000000000e+01,1.258600000000000000e+04,1.121873433146538446e+02
6.500000000000000000e+01,1.255400000000000000e+04,1.120446339634345350e+02
6.700000000000000000e+01,1.245400000000000000e+04,1.115974910112236103e+02
6.900000000000000000e+01,1.226400000000000000e+04,1.107429455992569274e+02
7.100000000000000000e+01,1.253300000000000000e+04,1.119508820867431496e+02
7.300000000000000000e+01,1.248100000000000000e+04,1.117183959784597391e+02
7.500000000000000000e+01,1.244900000000000000e+04,1.115750868249724590e+02
7.700000000000000000e+01,1.247900000000000000e+04,1.117094445425282174e+02
7.900000000000000000e+01,1.239900000000000000e+04,1.113507970335194841e+02
8.100000000000000000e+01,1.253600000000000000e+04,1.119642800182264182e+02
8.300000000000000000e+01,1.242400000000000000e+04,1.114629983447430277e+02
8.500000000000000000e+01,1.275000000000000000e+04,1.129158979063613515e+02
8.700000000000000000e+01,1.247900000000000000e+04,1.117094445425282174e+02
8.900000000000000000e+01,1.263200000000000000e+04,1.123921705458160432e+02
9.100000000000000000e+01,1.253500000000000000e+04,1.119598142192098749e+02
9.300000000000000000e+01,1.252500000000000000e+04,1.119151464279966603e+02
9.500000000000000000e+01,1.254400000000000000e+04,1.120000000000000000e+02
9.700000000000000000e+01,1.244300000000000000e+04,1.115481958616983320e+02
9.900000000000000000e+01,1.237200000000000000e+04,1.112294924918751349e+02
1.010000000000000000e+02,1.254800000000000000e+04,1.120178557195231406e+02
1.030000000000000000e+02,1.243300000000000000e+04,1.115033631779770076e+02
1.050000000000000000e+02,1.231100000000000000e+04,1.109549458113524452e+02
1.070000000000000000e+02,1.233400000000000000e+04,1.110585431202835025e+02
1.090000000000000000e+02,1.242000000000000000e+04,1.114450537260399869e+02
1.110000000000000000e+02,1.254600000000000000e+04,1.120089282155677211e+02
1.130000000000000142e+02,1.233400000000000000e+04,1.110585431202835025e+02
1.150000000000000000e+02,1.253500000000000000e+04,1.119598142192098749e+02
1.170000000000000000e+02,1.240800000000000000e+04,1.113912025251538580e+02
1.189999999999999858e+02,1.243800000000000000e+04,1.115257817726469511e+02
1.209999999999999858e+02,1.262200000000000000e+04,1.123476746532833204e+02
1.230000000000000142e+02,1.242600000000000000e+04,1.114719695708299696e+02
1.250000000000000000e+02,1.240700000000000000e+04,1.113867137498909869e+02
1.270000000000000000e+02,1.239700000000000000e+04,1.113418160441087821e+02
1.290000000000000000e+02,1.259700000000000000e+04,1.122363577456071653e+02
1.310000000000000000e+02,1.244000000000000000e+04,1.115347479487900273e+02
1.330000000000000000e+02,1.239200000000000000e+04,1.113193604006064561e+02
1.350000000000000000e+02,1.257400000000000000e+04,1.121338485917603975e+02
1.370000000000000000e+02,1.262900000000000000e+04,1.123788236279415287e+02
1.390000000000000000e+02,1.246000000000000000e+04,1.116243700990071375e+02
1.409999999999999716e+02,1.247100000000000000e+04,1.116736316235837876e+02
1.430000000000000000e+02,1.252700000000000000e+04,1.119240814123568271e+02
1.450000000000000000e+02,1.236500000000000000e+04,1.111980215651346953e+02
1.470000000000000000e+02,1.249800000000000000e+04,1.117944542452805763e+02
1.490000000000000000e+02,1.260000000000000000e+04,1.122497216032188589e+02
1.509999999999999716e+02,1.249300000000000000e+04,1.117720895393831597e+02
1.530000000000000000e+02,1.257300000000000000e+04,1.121293895461840293e+02
1.550000000000000000e+02,1.247000000000000000e+04,1.116691542011485581e+02
1.570000000000000000e+02,1.249600000000000000e+04,1.117855088998567226e+02
1.590000000000000000e+02,1.242700000000000000e+04,1.114764549131341482e+02
1.609999999999999716e+02,1.254500000000000000e+04,1.120044641967451753e+02
1.630000000000000000e+02,1.243300000000000000e+04,1.115033631779770076e+02
1.650000000000000000e+02,1.239500000000000000e+04,1.113328343302182475e+02
1.670000000000000000e+02,1.260600000000000000e+04,1.122764445464854361e+02
1.690000000000000000e+02,1.260300000000000000e+04,1.122630838699878950e+02
1.709999999999999716e+02,1.265800000000000000e+04,1.125077775089357601e+02
1.730000000000000000e+02,1.259200000000000000e+04,1.122140811128447240e+02
1.750000000000000000e+02,1.255000000000000000e+04,1.120267825120408816e+02
1.770000000000000000e+02,1.271100000000000000e+04,1.127430707405110297e+02
1.790000000000000000e+02,1.247200000000000000e+04,1.116781088665102288e+02
1.810000000000000000e+02,1.266700000000000000e+04,1.125477676366790547e+02
1.830000000000000000e+02,1.245700000000000000e+04,1.116109313642700727e+02
1.850000000000000000e+02,1.261900000000000000e+04,1.123343224486616236e+02
1.870000000000000000e+02,1.247800000000000000e+04,1.117049685555666656e+02
1.890000000000000000e+02,1.257100000000000000e+04,1.121204709230205481e+02
1.910000000000000000e+02,1.268100000000000000e+04,1.126099462747406506e+02
1.930000000000000000e+02,1.269200000000000000e+04,1.126587768440604123e+02
1.950000000000000000e+02,1.274400000000000000e+04,1.128893263333611685e+02
1.970000000000000000e+02,1.264900000000000000e+04,1.124677731619158294e+02
1.989999999999999716e+02,1.279100000000000000e+04,1.130973032392903406e+02
2.010000000000000000e+02,1.254600000000000000e+04,1.120089282155677211e+02
2.030000000000000000e+02,1.285400000000000000e+04,1.133754823584004043e+02
2.050000000000000000e+02,1.258200000000000000e+04,1.121695145750400116e+02
2.070000000000000000e+02,1.279500000000000000e+04,1.131149857445961970e+02
2.089999999999999716e+02,1.272200000000000000e+04,1.127918436767486128e+02
2.110000000000000000e+02,1.282200000000000000e+04,1.132342704308193788e+02
2.130000000000000000e+02,1.265800000000000000e+04,1.125077775089357601e+02
2.150000000000000000e+02,1.286100000000000000e+04,1.134063490286152955e+02
2.170000000000000000e+02,1.273900000000000000e+04,1.128671785772985459e+02
2.189999999999999716e+02,1.294100000000000000e+04,1.137585161647257337e+02
2.210000000000000000e+02,1.287600000000000000e+04,1.134724636200335226e+02
2.230000000000000000e+02,1.294800000000000000e+04,1.137892789325960621e+02
2.250000000000000000e+02,1.273600000000000000e+04,1.128538878373274201e+02
2.270000000000000000e+02,1.269100000000000000e+04,1.126543385760178353e+02
2.289999999999999716e+02,1.307100000000000000e+04,1.143284741435836622e+02
2.310000000000000000e+02,1.277700000000000000e+04,1.130353926874231547e+02
2.330000000000000000e+02,1.278100000000000000e+04,1.130530848760881781e+02
2.349999999999999716e+02,1.288400000000000000e+04,1.135077089893020457e+02
2.370000000000000284e+02,1.302400000000000000e+04,1.141227409414968861e+02
2.390000000000000000e+02,1.285000000000000000e+04,1.133578404875461274e+02
2.410000000000000000e+02,1.298300000000000000e+04,1.139429681902311131e+02
2.430000000000000000e+02,1.301000000000000000e+04,1.140613869808712479e+02
2.450000000000000000e+02,1.294900000000000000e+04,1.137936729348348308e+02
2.470000000000000000e+02,1.308000000000000000e+04,1.143678276439659385e+02
2.489999999999999716e+02,1.295600000000000000e+04,1.138244262010575767e+02
2.509999999999999716e+02,1.329300000000000000e+04,1.152952731034529279e+02
2.529999999999999716e+02,1.294300000000000000e+04,1.137673063757774798e+02
2.550000000000000284e+02,1.302700000000000000e+04,1.141358839278873347e+02
2.570000000000000000e+02,1.295800000000000000e+04,1.138332113225314970e+02
2.590000000000000000e+02,1.293000000000000000e+04,1.137101578575984604e+02
2.610000000000000000e+02,1.323500000000000000e+04,1.150434700450223318e+02
2.630000000000000000e+02,1.313000000000000000e+04,1.145862120850506471e+02
2.650000000000000000e+02,1.308500000000000000e+04,1.143896848496406164e+02
2.670000000000000000e+02,1.318400000000000000e+04,1.148216007552582596e+02
2.690000000000000000e+02,1.311200000000000000e+04,1.145076416663978307e+02
2.710000000000000000e+02,1.302800000000000000e+04,1.141402645870421111e+02
2.729999999999999432e+02,1.320600000000000000e+04,1.149173616125954140e+02
2.750000000000000000e+02,1.336900000000000000e+04,1.156243918902928272e+02
2.770000000000000000e+02,1.342600000000000000e+04,1.158706175007282582e+02
2.790000000000000000e+02,1.320900000000000000e+04,1.149304137293511303e+02
2.810000000000000000e+02,1.342100000000000000e+04,1.158490397025361744e+02
2.830000000000000000e+02,1.349500000000000000e+04,1.161679818194315885e+02
2.850000000000000000e+02,1.328700000000000000e+04,1.152692500192479201e+02
2.870000000000000000e+02,1.323400000000000000e+04,1.150391237796957284e+02
2.890000000000000000e+02,1.357500000000000000e+04,1.165118019773108244e+02
2.910000000000000000e+02,1.333800000000000000e+04,1.154902593295209954e+02
2.929999999999999432e+02,1.350300000000000000e+04,1.162024096135701257e+02
2.950000000000000000e+02,1.354000000000000000e+04,1.163615056623111741e+02
2.970000000000000000e+02,1.358300000000000000e+04,1.165461282068172295e+02
2.990000000000000000e+02,1.367300000000000000e+04,1.169316039400819136e+02
3.010000000000000000e+02,1.367100000000000000e+04,1.169230516194311349e+02
3.030000000000000000e+02,1.342600000000000000e+04,1.158706175007282582e+02
3.050000000000000000e+02,1.369200000000000000e+04,1.170128198104812327e+02
3.070000000000000000e+02,1.405400000000000000e+04,1.185495676921691484e+02
3.090000000000000000e+02,1.370000000000000000e+04,1.170469991071968252e+02
3.109999999999999432e+02,1.388600000000000000e+04,1.178388730428123381e+02
3.129999999999999432e+02,1.395100000000000000e+04,1.181143513718798204e+02
3.150000000000000000e+02,1.398700000000000000e+04,1.182666478767368972e+02
3.170000000000000000e+02,1.398500000000000000e+04,1.182581921052405960e+02
3.190000000000000000e+02,1.411800000000000000e+04,1.188191903692331834e+02
3.210000000000000000e+02,1.423700000000000000e+04,1.193189004307369032e+02
3.230000000000000000e+02,1.416800000000000000e+04,1.190294081309311878e+02
3.250000000000000000e+02,1.425000000000000000e+04,1.193733638631329086e+02
3.270000000000000000e+02,1.429500000000000000e+04,1.195616995529926498e+02
3.290000000000000000e+02,1.438500000000000000e+04,1.199374837154755369e+02
3.309999999999999432e+02,1.424900000000000000e+04,1.193691752505637851e+02
3.329999999999999432e+02,1.443100000000000000e+04,1.201290972246115416e+02
3.350000000000000000e+02,1.458800000000000000e+04,1.207807931750739954e+02
3.370000000000000000e+02,1.441200000000000000e+04,1.200499895876710070e+02
3.390000000000000000e+02,1.485700000000000000e+04,1.218892940335608728e+02
3.410000000000000000e+02,1.477200000000000000e+04,1.215401168339085416e+02
3.430000000000000000e+02,1.467800000000000000e+04,1.211527960882449406e+02
3.450000000000000000e+02,1.488200000000000000e+04,1.219918030033168179e+02
3.470000000000000000e+02,1.469400000000000000e+04,1.212188104214856139e+02
3.490000000000000000e+02,1.502100000000000000e+04,1.225601892948925524e+02
3.509999999999999432e+02,1.524400000000000000e+04,1.234665946724053356e+02
3.529999999999999432e+02,1.513200000000000000e+04,1.230121945174541906e+02
3.550000000000000000e+02,1.517800000000000000e+04,1.231990259701760806e+02
3.570000000000000000e+02,1.537700000000000000e+04,1.240040321925062017e+02
3.590000000000000000e+02,1.534900000000000000e+04,1.238910811963469314e+02
3.610000000000000000e+02,1.540800000000000000e+04,1.241289651934639551e+02
3.630000000000000000e+02,1.543800000000000000e+04,1.242497484906907630e+02
3.650000000000000000e+02,1.577800000000000000e+04,1.256105091144836479e+02
3.670000000000000000e+02,1.572900000000000000e+04,1.254153100701823860e+02
3.689999999999999432e+02,1.576000000000000000e+04,1.255388386118011113e+02
3.709999999999999432e+02,1.575300000000000000e+04,1.255109556971019629e+02
3.730000000000000000e+02,1.592100000000000000e+04,1.261784450688792276e+02
3.750000000000000000e+02,1.600800000000000000e+04,1.265227252314780344e+02
3.770000000000000000e+02,1.614800000000000000e+04,1.270747811330002150e+02
3.790000000000000000e+02,1.643800000000000000e+04,1.282107639786918298e+02
3.810000000000000000e+02,1.607700000000000000e+04,1.267951103158156911e+02
3.830000000000000000e+02,1.654100000000000000e+04,1.286118190525266982e+02
3.850000000000000000e+02,1.646200000000000000e+04,1.283043257259860184e+02
3.870000000000000000e+02,1.676400000000000000e+04,1.294758664771143231e+02
3.889999999999999432e+02,1.668500000000000000e+04,1.291704300527017040e+02
3.909999999999999432e+02,1.689500000000000000e+04,1.299807678081633640e+02
3.930000000000000000e+02,1.687700000000000000e+04,1.299115083431788662e+02
3.950000000000000000e+02,1.718100000000000000e+04,1.310763136497225787e+02
3.970000000000000000e+02,1.725100000000000000e+04,1.313430622454034165e+02
3.990000000000000000e+02,1.729400000000000000e+04,1.315066538240571390e+02
4.010000000000000000e+02,1.737500000000000000e+04,1.318142632646413404e+02
4.030000000000000000e+02,1.782000000000000000e+04,1.334915727677216637e+02
4.050000000000000000e+02,1.761700000000000000e+04,1.327290473106768331e+02
4.070000000000000000e+02,1.760900000000000000e+04,1.326989073052209278e+02
4.089999999999999432e+02,1.760900000000000000e+04,1.326989073052209278e+02
4.109999999999999432e+02,1.773300000000000000e+04,1.331653107982710935e+02
4.130000000000000000e+02,1.809000000000000000e+04,1.344990706287608191e+02
4.150000000000000000e+02,1.774900000000000000e+04,1.332253729587573616e+02
4.170000000000000000e+02,1.816100000000000000e+04,1.347627544984134147e+02
4.190000000000000000e+02,1.856100000000000000e+04,1.362387610043479071e+02
4.210000000000000000e+02,1.863200000000000000e+04,1.364990842460138083e+02
4.230000000000000000e+02,1.871000000000000000e+04,1.367845020461027161e+02
4.250000000000000000e+02,1.888600000000000000e+04,1.374263439082897094e+02
4.269999999999999432e+02,1.875700000000000000e+04,1.369561973771160410e+02
4.289999999999999432e+02,1.889600000000000000e+04,1.374627222195158538e+02
4.309999999999999432e+02,1.923200000000000000e+04,1.386794865868760098e+02
4.330000000000000000e+02,1.907700000000000000e+04,1.381195134656954906e+02
4.350000000000000000e+02,1.940100000000000000e+04,1.392874725163746916e+02
4.370000000000000000e+02,1.924600000000000000e+04,1.387299535068050318e+02
4.390000000000000000e+02,1.954200000000000000e+04,1.397927036722576304e+02
4.410000000000000000e+02,1.971200000000000000e+04,1.403994301982747857e+02
4.430000000000000000e+02,1.975000000000000000e+04,1.405346932255524735e+02
4.450000000000000000e+02,1.974200000000000000e+04,1.405062276199896587e+02
4.469999999999999432e+02,1.990000000000000000e+04,1.410673597966597299e+02
4.489999999999999432e+02,2.004000000000000000e+04,1.415627069534893963e+02
4.509999999999999432e+02,1.997200000000000000e+04,1.413223266154345765e+02
4.530000000000000000e+02,2.012200000000000000e+04,1.418520355863802251e+02
4.550000000000000000e+02,2.031800000000000000e+04,1.425412221078513539e+02
4.570000000000000000e+02,2.035400000000000000e+04,1.426674454807398433e+02
4.590000000000000000e+02,2.046500000000000000e+04,1.430559331170843507e+02
4.610000000000000000e+02,2.064200000000000000e+04,1.436732403755122505e+02
4.630000000000000000e+02,2.069800000000000000e+04,1.438679950510195340e+02
4.650000000000000000e+02,2.088400000000000000e+04,1.445129751960012072e+02
4.669999999999999432e+02,2.078100000000000000e+04,1.441561653208082134e+02
4.689999999999999432e+02,2.086800000000000000e+04,1.444576062379564974e+02
4.709999999999999432e+02,2.139600000000000000e+04,1.462737160258111544e+02
4.730000000000000000e+02,2.121100000000000000e+04,1.456399670420178154e+02
4.750000000000000000e+02,2.113400000000000000e+04,1.453753761818006751e+02
4.770000000000000000e+02,2.147200000000000000e+04,1.465332726721135259e+02
4.790000000000000000e+02,2.135900000000000000e+04,1.461471860830715741e+02
4.809999999999999432e+02,2.147400000000000000e+04,1.465400969018373871e+02
4.830000000000000000e+02,2.150600000000000000e+04,1.466492413891064643e+02
4.850000000000000000e+02,2.196300000000000000e+04,1.481991902811896580e+02
4.869999999999999432e+02,2.176300000000000000e+04,1.475228795814400655e+02
4.889999999999999432e+02,2.205200000000000000e+04,1.484991582467737317e+02
4.909999999999998863e+02,2.174700000000000000e+04,1.474686407342269376e+02
4.929999999999999432e+02,2.164900000000000000e+04,1.471359915180510143e+02
4.949999999999998863e+02,2.221700000000000000e+04,1.490536816049825575e+02
4.969999999999999432e+02,2.217500000000000000e+04,1.489127261183530209e+02
4.989999999999998863e+02,2.218900000000000000e+04,1.489597261007147608e+02
5.009999999999999432e+02,2.260300000000000000e+04,1.503429413042067608e+02
5.030000000000000000e+02,2.233500000000000000e+04,1.494489879524116986e+02
5.049999999999999432e+02,2.242200000000000000e+04,1.497397742752400518e+02
5.069999999999999432e+02,2.245000000000000000e+04,1.498332406377157895e+02
5.089999999999998863e+02,2.284900000000000000e+04,1.511588568361112266e+02
5.109999999999999432e+02,2.249100000000000000e+04,1.499699969993998820e+02
5.129999999999998863e+02,2.277100000000000000e+04,1.509006295546823821e+02
5.149999999999998863e+02,2.275600000000000000e+04,1.508509197850653436e+02
5.169999999999998863e+02,2.314100000000000000e+04,1.521216618368343916e+02
5.189999999999998863e+02,2.280200000000000000e+04,1.510033112219716713e+02
5.210000000000000000e+02,2.295600000000000000e+04,1.515123757321489393e+02
5.229999999999998863e+02,2.315100000000000000e+04,1.521545267154397152e+02
5.250000000000000000e+02,2.319400000000000000e+04,1.522957648787378275e+02
5.269999999999998863e+02,2.323000000000000000e+04,1.524139101263390330e+02
5.290000000000000000e+02,2.341800000000000000e+04,1.530294089382805396e+02
5.309999999999998863e+02,2.340800000000000000e+04,1.529967319912429957e+02
5.330000000000000000e+02,2.329200000000000000e+04,1.526171681037230883e+02
5.349999999999998863e+02,2.363500000000000000e+04,1.537367880502242770e+02
5.369999999999998863e+02,2.332500000000000000e+04,1.527252434930123854e+02
5.389999999999998863e+02,2.352900000000000000e+04,1.533916555748728570e+02
5.409999999999998863e+02,2.376800000000000000e+04,1.541687387248130108e+02
5.430000000000000000e+02,2.327100000000000000e+04,1.525483529901248403e+02
5.449999999999998863e+02,2.363400000000000000e+04,1.537335357038282382e+02
5.470000000000000000e+02,2.372900000000000000e+04,1.540422020097103086e+02
5.489999999999998863e+02,2.327200000000000000e+04,1.525516306041972712e+02
5.510000000000000000e+02,2.361000000000000000e+04,1.536554587380487646e+02
5.529999999999998863e+02,2.361400000000000000e+04,1.536684743205332779e+02
5.549999999999998863e+02,2.359000000000000000e+04,1.535903642810953897e+02
5.569999999999998863e+02,2.366500000000000000e+04,1.538343264684444875e+02
5.589999999999998863e+02,2.379200000000000000e+04,1.542465558772710210e+02
5.610000000000000000e+02,2.393000000000000000e+04,1.546932448428196949e+02
5.629999999999998863e+02,2.385000000000000000e+04,1.544344521148050262e+02
5.650000000000000000e+02,2.382400000000000000e+04,1.543502510525977414e+02
5.669999999999998863e+02,2.380300000000000000e+04,1.542822089548899385e+02
5.690000000000000000e+02,2.375800000000000000e+04,1.541363033162524516e+02
5.709999999999998863e+02,2.385600000000000000e+04,1.544538766104633396e+02
5.729999999999998863e+02,2.398700000000000000e+04,1.548773708454536973e+02
5.749999999999998863e+02,2.360200000000000000e+04,1.536294242650146771e+02
5.769999999999998863e+02,2.377100000000000000e+04,1.541784680167766055e+02
5.789999999999998863e+02,2.373300000000000000e+04,1.540551849176117685e+02
5.809999999999998863e+02,2.354000000000000000e+04,1.534275073120843444e+02
5.830000000000000000e+02,2.392300000000000000e+04,1.546706177656233194e+02
5.849999999999998863e+02,2.358700000000000000e+04,1.535805977329182497e+02
5.870000000000000000e+02,2.394200000000000000e+04,1.547320264198715449e+02
5.889999999999998863e+02,2.381600000000000000e+04,1.543243337908825197e+02
5.910000000000000000e+02,2.407700000000000000e+04,1.551676512679114239e+02
5.929999999999998863e+02,2.381700000000000000e+04,1.543275736866235093e+02
5.949999999999998863e+02,2.355200000000000000e+04,1.534666087460063864e+02
5.969999999999998863e+02,2.358500000000000000e+04,1.535740863557402918e+02
5.989999999999998863e+02,2.371100000000000000e+04,1.539837653780414257e+02
6.010000000000000000e+02,2.354500000000000000e+04,1.534438007871285663e+02
6.029999999999998863e+02,2.368800000000000000e+04,1.539090640605681983e+02
6.050000000000000000e+02,2.343900000000000000e+04,1.530980078250540828e+02
6.069999999999998863e+02,2.311200000000000000e+04,1.520263135118402715e+02
6.090000000000000000e+02,2.309000000000000000e+04,1.519539403898415912e+02
6.109999999999998863e+02,2.325600000000000000e+04,1.524991803256671119e+02
6.129999999999998863e+02,2.314600000000000000e+04,1.521380951635728707e+02
6.149999999999998863e+02,2.308000000000000000e+04,1.519210321186619694e+02
6.169999999999998863e+02,2.310500000000000000e+04,1.520032894380892685e+02
6.189999999999998863e+02,2.294600000000000000e+04,1.514793715328924009e+02
6.209999999999998863e+02,2.270400000000000000e+04,1.506784656146992347e+02
6.230000000000000000e+02,2.281700000000000000e+04,1.510529708413560002e+02
6.249999999999998863e+02,2.275700000000000000e+04,1.508542342793189164e+02
6.270000000000000000e+02,2.302500000000000000e+04,1.517399090549333778e+02
6.289999999999998863e+02,2.279200000000000000e+04,1.509701957341239904e+02
6.309999999999998863e+02,2.279600000000000000e+04,1.509834428008580289e+02
6.329999999999998863e+02,2.266700000000000000e+04,1.505556375563537586e+02
6.349999999999998863e+02,2.274600000000000000e+04,1.508177708361981786e+02
6.369999999999998863e+02,2.260500000000000000e+04,1.503495926166760910e+02
6.389999999999998863e+02,2.240400000000000000e+04,1.496796579365400248e+02
6.410000000000000000e+02,2.210800000000000000e+04,1.486875919503690966e+02
6.429999999999998863e+02,2.260900000000000000e+04,1.503628943589465052e+02
6.450000000000000000e+02,2.276200000000000000e+04,1.508708056583527650e+02
6.469999999999998863e+02,2.239900000000000000e+04,1.496629546681469947e+02
6.490000000000000000e+02,2.221700000000000000e+04,1.490536816049825575e+02
6.509999999999998863e+02,2.229700000000000000e+04,1.493218001498789818e+02
6.529999999999998863e+02,2.233100000000000000e+04,1.494356048604204261e+02
6.549999999999998863e+02,2.229900000000000000e+04,1.493284969454944076e+02
6.569999999999998863e+02,2.185800000000000000e+04,1.478445129181345692e+02
6.590000000000000000e+02,2.188800000000000000e+04,1.479459360712571652e+02
6.609999999999998863e+02,2.190900000000000000e+04,1.480168909280291700e+02
6.630000000000000000e+02,2.202000000000000000e+04,1.483913744123965444e+02
6.649999999999998863e+02,2.180000000000000000e+04,1.476482306023353885e+02
6.670000000000000000e+02,2.202300000000000000e+04,1.484014824723781203e+02
6.689999999999998863e+02,2.174800000000000000e+04,1.474720312466051837e+02
6.709999999999998863e+02,2.188600000000000000e+04,1.479391766909648140e+02
6.729999999999998863e+02,2.203600000000000000e+04,1.484452761121065123e+02
6.749999999999998863e+02,2.159400000000000000e+04,1.469489707347420335e+02
6.769999999999998863e+02,2.147000000000000000e+04,1.465264481245612842e+02
6.789999999999998863e+02,2.152300000000000000e+04,1.467071913711115485e+02
6.810000000000000000e+02,2.153700000000000000e+04,1.467548977036203723e+02
6.829999999999998863e+02,2.158500000000000000e+04,1.469183446680508496e+02
6.850000000000000000e+02,2.177500000000000000e+04,1.475635456337367941e+02
6.869999999999998863e+02,2.167100000000000000e+04,1.472107333043350081e+02
6.889999999999998863e+02,2.124300000000000000e+04,1.457497855916080880e+02
6.909999999999998863e+02,2.154000000000000000e+04,1.467651184716596617e+02
6.929999999999998863e+02,2.138700000000000000e+04,1.462429485479551658e+02
6.949999999999998863e+02,2.137500000000000000e+04,1.462019151721360686e+02
6.969999999999998863e+02,2.153700000000000000e+04,1.467548977036203723e+02
6.990000000000000000e+02,2.150700000000000000e+04,1.466526508454589930e+02
7.009999999999998863e+02,2.150400000000000000e+04,1.466424222385867324e+02
7.030000000000000000e+02,2.127100000000000000e+04,1.458458089901796484e+02
7.049999999999998863e+02,2.138100000000000000e+04,1.462224332994082943e+02
7.070000000000000000e+02,2.137700000000000000e+04,1.462087548678246094e+02
7.089999999999998863e+02,2.132800000000000000e+04,1.460410901082286728e+02
7.109999999999998863e+02,2.091200000000000000e+04,1.446098198602012417e+02
7.129999999999998863e+02,2.114900000000000000e+04,1.454269576110273192e+02
7.149999999999998863e+02,2.116300000000000000e+04,1.454750837772589875e+02
7.169999999999998863e+02,2.145800000000000000e+04,1.464854941623925697e+02
7.189999999999998863e+02,2.104000000000000000e+04,1.450517149157494714e+02
7.210000000000000000e+02,2.115900000000000000e+04,1.454613350688086939e+02
7.229999999999998863e+02,2.111500000000000000e+04,1.453100134195847204e+02
7.250000000000000000e+02,2.121100000000000000e+04,1.456399670420178154e+02
7.269999999999998863e+02,2.122200000000000000e+04,1.456777265061464277e+02
7.289999999999998863e+02,2.145200000000000000e+04,1.464650128870380286e+02
7.309999999999998863e+02,2.117100000000000000e+04,1.455025772967601370e+02
7.329999999999998863e+02,2.088300000000000000e+04,1.445095152576468536e+02
7.349999999999998863e+02,2.100000000000000000e+04,1.449137674618941674e+02
7.369999999999998863e+02,2.099000000000000000e+04,1.448792600754168234e+02
7.390000000000000000e+02,2.120500000000000000e+04,1.456193668438354507e+02
7.409999999999998863e+02,2.104500000000000000e+04,1.450689491242010263e+02
7.430000000000000000e+02,2.054800000000000000e+04,1.433457358975138050e+02
7.449999999999998863e+02,2.071500000000000000e+04,1.439270648627280025e+02
7.469999999999998863e+02,2.083700000000000000e+04,1.443502684445011255e+02
7.489999999999998863e+02,2.076900000000000000e+04,1.441145377815846587e+02
7.509999999999998863e+02,2.070400000000000000e+04,1.438888459888403304e+02
7.529999999999998863e+02,2.090300000000000000e+04,1.445786982926583732e+02
7.549999999999998863e+02,2.078000000000000000e+04,1.441526968183388817e+02
7.570000000000000000e+02,2.059500000000000000e+04,1.435095815616514301e+02
7.589999999999998863e+02,2.042300000000000000e+04,1.429090619939815952e+02
7.610000000000000000e+02,2.046600000000000000e+04,1.430594282107958861e+02
7.629999999999998863e+02,2.074900000000000000e+04,1.440451318163868564e+02
7.650000000000000000e+02,2.052700000000000000e+04,1.432724676970428845e+02
7.669999999999998863e+02,2.043400000000000000e+04,1.429475428260302579e+02
7.689999999999998863e+02,2.041300000000000000e+04,1.428740704256706522e+02
7.709999999999998863e+02,2.016700000000000000e+04,1.420105629874051374e+02
7.729999999999998863e+02,2.057900000000000000e+04,1.434538253236896708e+02
7.749999999999998863e+02,2.046200000000000000e+04,1.430454473235695332e+02
7.769999999999998863e+02,2.029500000000000000e+04,1.424605208470056823e+02
7.790000000000000000e+02,2.031100000000000000e+04,1.425166656921210233e+02
7.809999999999998863e+02,2.015800000000000000e+04,1.419788716675830074e+02
7.830000000000000000e+02,1.995800000000000000e+04,1.412727857727732044e+02
7.849999999999998863e+02,2.001500000000000000e+04,1.414743793059351447e+02
7.869999999999998863e+02,1.989200000000000000e+04,1.410390016981109511e+02
7.889999999999998863e+02,1.992400000000000000e+04,1.411523999087512493e+02
7.909999999999998863e+02,2.010500000000000000e+04,1.417921013314917218e+02
7.929999999999998863e+02,1.996100000000000000e+04,1.412834031300226343e+02
7.949999999999998863e+02,1.968000000000000000e+04,1.402854233340003702e+02
7.970000000000000000e+02,1.960400000000000000e+04,1.400142849854964879e+02
7.989999999999998863e+02,1.965200000000000000e+04,1.401855912710016128e+02
8.010000000000000000e+02,1.940700000000000000e+04,1.393090090410514676e+02
8.029999999999998863e+02,1.935900000000000000e+04,1.391366235036621219e+02
8.049999999999998863e+02,1.945600000000000000e+04,1.394847661933017662e+02
8.069999999999998863e+02,1.948300000000000000e+04,1.395815174011222553e+02
8.089999999999998863e+02,1.947600000000000000e+04,1.395564401953561173e+02
8.109999999999998863e+02,1.901200000000000000e+04,1.378840092251448368e+02
8.129999999999998863e+02,1.916400000000000000e+04,1.384340998453772045e+02
8.149999999999998863e+02,1.892300000000000000e+04,1.375608956062715151e+02
8.169999999999998863e+02,1.906200000000000000e+04,1.380652019880471926e+02
8.190000000000000000e+02,1.909700000000000000e+04,1.381918955655492027e+02
8.209999999999998863e+02,1.883600000000000000e+04,1.372443077143834671e+02
8.230000000000000000e+02,1.871300000000000000e+04,1.367954677611814986e+02
8.249999999999998863e+02,1.858500000000000000e+04,1.363268132100201910e+02
8.269999999999998863e+02,1.872800000000000000e+04,1.368502831564474036e+02
8.289999999999998863e+02,1.871500000000000000e+04,1.368027777495772170e+02
8.309999999999998863e+02,1.844900000000000000e+04,1.358270959713117918e+02
8.329999999999998863e+02,1.850000000000000000e+04,1.360147050873529224e+02
8.349999999999998863e+02,1.816300000000000000e+04,1.347701747420396714e+02
8.370000000000000000e+02,1.835900000000000000e+04,1.354953873753656808e+02
8.389999999999998863e+02,1.830600000000000000e+04,1.352996674053574679e+02
8.410000000000000000e+02,1.800500000000000000e+04,1.341827112559585657e+02
8.429999999999998863e+02,1.823500000000000000e+04,1.350370319579051284e+02
8.449999999999998863e+02,1.803400000000000000e+04,1.342907293896350893e+02
8.469999999999998863e+02,1.806600000000000000e+04,1.344098210697411560e+02
8.489999999999998863e+02,1.783500000000000000e+04,1.335477442714764038e+02
8.509999999999998863e+02,1.800400000000000000e+04,1.341789849417546066e+02
8.529999999999998863e+02,1.780100000000000000e+04,1.334203882470756071e+02
8.549999999999998863e+02,1.771800000000000000e+04,1.331089779090798402e+02
8.569999999999998863e+02,1.768500000000000000e+04,1.329849615558086953e+02
8.590000000000000000e+02,1.788800000000000000e+04,1.337460279784027080e+02
8.609999999999998863e+02,1.766500000000000000e+04,1.329097438113531098e+02
8.630000000000000000e+02,1.757700000000000000e+04,1.325782787639072922e+02
8.649999999999998863e+02,1.760000000000000000e+04,1.326649916142159782e+02
8.669999999999998863e+02,1.782400000000000000e+04,1.335065541462281544e+02
8.689999999999998863e+02,1.737000000000000000e+04,1.317952958189343917e+02
8.709999999999998863e+02,1.743600000000000000e+04,1.320454467219533399e+02
8.729999999999998863e+02,1.719900000000000000e+04,1.311449579663676559e+02
8.749999999999998863e+02,1.710700000000000000e+04,1.307937307366082678e+02
8.770000000000000000e+02,1.736700000000000000e+04,1.317839140411306289e+02
8.789999999999998863e+02,1.702200000000000000e+04,1.304683869755426713e+02
8.810000000000000000e+02,1.710400000000000000e+04,1.307822617941747012e+02
8.829999999999998863e+02,1.738200000000000000e+04,1.318408131042888272e+02
8.849999999999998863e+02,1.729400000000000000e+04,1.315066538240571390e+02
8.869999999999998863e+02,1.740700000000000000e+04,1.319355903461982962e+02
8.889999999999998863e+02,1.703600000000000000e+04,1.305220287920783448e+02
8.909999999999998863e+02,1.703200000000000000e+04,1.305067048086020804e+02
8.929999999999998863e+02,1.675800000000000000e+04,1.294526940623472910e+02
8.950000000000000000e+02,1.682300000000000000e+04,1.297035080481618934e+02
8.969999999999998863e+02,1.679900000000000000e+04,1.296109563270001672e+02
8.990000000000000000e+02,1.704700000000000000e+04,1.305641604729244136e+02
9.009999999999998863e+02,1.694400000000000000e+04,1.301691207621843205e+02
9.029999999999998863e+02,1.700000000000000000e+04,1.303840481040533632e+02
9.049999999999998863e+02,1.676400000000000000e+04,1.294758664771143231e+02
9.069999999999998863e+02,1.682600000000000000e+04,1.297150723701743118e+02
9.089999999999998863e+02,1.669600000000000000e+04,1.292130024417056120e+02
9.109999999999998863e+02,1.691600000000000000e+04,1.300615239031139936e+02
9.129999999999998863e+02,1.690000000000000000e+04,1.300000000000000000e+02
9.149999999999998863e+02,1.660600000000000000e+04,1.288642696793795039e+02
9.170000000000000000e+02,1.657100000000000000e+04,1.287283962457404414e+02
9.189999999999998863e+02,1.663400000000000000e+04,1.289728653632228088e+02
9.210000000000000000e+02,1.673900000000000000e+04,1.293792873685742961e+02
9.229999999999998863e+02,1.662200000000000000e+04,1.289263355563925870e+02
9.249999999999998863e+02,1.660100000000000000e+04,1.288448679614375578e+02
9.269999999999998863e+02,1.670100000000000000e+04,1.292323488914444169e+02
9.289999999999998863e+02,1.654600000000000000e+04,1.286312559217221860e+02
9.309999999999998863e+02,1.678800000000000000e+04,1.295685146939649712e+02
9.329999999999998863e+02,1.640800000000000000e+04,1.280937156928475815e+02
9.350000000000000000e+02,1.656700000000000000e+04,1.287128587204861105e+02
9.369999999999998863e+02,1.647700000000000000e+04,1.283627671873737199e+02
9.390000000000000000e+02,1.646800000000000000e+04,1.283277055043072323e+02
9.409999999999998863e+02,1.639300000000000000e+04,1.280351514233489070e+02
9.429999999999998863e+02,1.660200000000000000e+04,1.288487485387413471e+02
9.449999999999998863e+02,1.653500000000000000e+04,1.285884909313426760e+02
9.469999999999998863e+02,1.664600000000000000e+04,1.290193783894501394e+02
9.489999999999998863e+02,1.646100000000000000e+04,1.283004286820578272e+02
9.509999999999998863e+02,1.640800000000000000e+04,1.280937156928475815e+02
9.529999999999998863e+02,1.639200000000000000e+04,1.280312461862340569e+02
9.549999999999998863e+02,1.640600000000000000e+04,1.280859086707050665e+02
9.570000000000000000e+02,1.637200000000000000e+04,1.279531164137870292e+02
9.589999999999998863e+02,1.657000000000000000e+04,1.287245120402476459e+02
9.609999999999998863e+02,1.655900000000000000e+04,1.286817780418023176e+02
9.629999999999998863e+02,1.654400000000000000e+04,1.286234815265088400e+02
9.649999999999998863e+02,1.641700000000000000e+04,1.281288414058290073e+02
9.669999999999998863e+02,1.637500000000000000e+04,1.279648389206968204e+02
9.689999999999998863e+02,1.630800000000000000e+04,1.277027799227571450e+02
9.710000000000000000e+02,1.630500000000000000e+04,1.276910333578671271e+02
9.729999999999997726e+02,1.648600000000000000e+04,1.283978192961230889e+02
9.749999999999998863e+02,1.632700000000000000e+04,1.277771497569110579e+02
9.770000000000000000e+02,1.631600000000000000e+04,1.277340988146861491e+02
9.790000000000000000e+02,1.627300000000000000e+04,1.275656693628807261e+02
9.810000000000001137e+02,1.626600000000000000e+04,1.275382295627468920e+02
9.829999999999998863e+02,1.636500000000000000e+04,1.279257597202376928e+02
9.850000000000000000e+02,1.625000000000000000e+04,1.274754878398198343e+02
9.870000000000000000e+02,1.643100000000000000e+04,1.281834622718552055e+02
9.890000000000001137e+02,1.611600000000000000e+04,1.269488085804659931e+02
9.909999999999998863e+02,1.607800000000000000e+04,1.267990536242286908e+02
9.930000000000000000e+02,1.630500000000000000e+04,1.276910333578671271e+02
9.950000000000000000e+02,1.597000000000000000e+04,1.263724653553927055e+02
9.970000000000000000e+02,1.607100000000000000e+04,1.267714478894995409e+02
9.990000000000001137e+02,1.611200000000000000e+04,1.269330532209787634e+02
1.000999999999999886e+03,1.603200000000000000e+04,1.266175343307550065e+02
1.003000000000000000e+03,1.591400000000000000e+04,1.261507035255854134e+02
1.005000000000000000e+03,1.608700000000000000e+04,1.268345378830235859e+02
1.007000000000000114e+03,1.606700000000000000e+04,1.267556704845974309e+02
1.008999999999999886e+03,1.610100000000000000e+04,1.268897158953404869e+02
1.011000000000000000e+03,1.582500000000000000e+04,1.257974562540912302e+02
1.013000000000000000e+03,1.607500000000000000e+04,1.267872233310590673e+02
1.015000000000000114e+03,1.629300000000000000e+04,1.276440362884213755e+02
1.017000000000000114e+03,1.600900000000000000e+04,1.265266770289963461e+02
1.018999999999999886e+03,1.601100000000000000e+04,1.265345802537794953e+02
1.021000000000000000e+03,1.602600000000000000e+04,1.265938387126316229e+02
1.023000000000000000e+03,1.604200000000000000e+04,1.266570171763105463e+02
1.025000000000000000e+03,1.619900000000000000e+04,1.272752921819464973e+02
1.027000000000000000e+03,1.614800000000000000e+04,1.270747811330002150e+02
1.029000000000000000e+03,1.595800000000000000e+04,1.263249777359960717e+02
1.031000000000000000e+03,1.592900000000000000e+04,1.262101422231990000e+02
1.033000000000000000e+03,1.600200000000000000e+04,1.264990118538480601e+02
1.035000000000000000e+03,1.576600000000000000e+04,1.255627333248212381e+02
1.037000000000000000e+03,1.601000000000000000e+04,1.265306287030925887e+02
1.039000000000000000e+03,1.578100000000000000e+04,1.256224502228797064e+02
1.041000000000000000e+03,1.600900000000000000e+04,1.265266770289963461e+02
1.043000000000000000e+03,1.578000000000000000e+04,1.256184699795376218e+02
1.045000000000000000e+03,1.587500000000000000e+04,1.259960316835422418e+02
1.047000000000000000e+03,1.575100000000000000e+04,1.255029880122383474e+02
1.049000000000000000e+03,1.596200000000000000e+04,1.263408089256990934e+02
1.051000000000000000e+03,1.624100000000000000e+04,1.274401820463226613e+02
1.053000000000000227e+03,1.593500000000000000e+04,1.262339098657721479e+02
1.055000000000000000e+03,1.597900000000000000e+04,1.264080693626801803e+02
1.057000000000000000e+03,1.599700000000000000e+04,1.264792473095876630e+02
1.059000000000000000e+03,1.593700000000000000e+04,1.262418314189071680e+02
1.061000000000000000e+03,1.611800000000000000e+04,1.269566855269931693e+02
1.063000000000000000e+03,1.603500000000000000e+04,1.266293804770448332e+02
1.065000000000000000e+03,1.590200000000000000e+04,1.261031323956704000e+02
1.067000000000000000e+03,1.588500000000000000e+04,1.260357092255999305e+02
1.069000000000000000e+03,1.589500000000000000e+04,1.260753742806264199e+02
1.071000000000000000e+03,1.583200000000000000e+04,1.258252756802066870e+02
1.073000000000000000e+03,1.582100000000000000e+04,1.257815566766439588e+02
1.075000000000000000e+03,1.580300000000000000e+04,1.257099836926245189e+02
1.077000000000000000e+03,1.606300000000000000e+04,1.267398911156233225e+02
1.079000000000000000e+03,1.581900000000000000e+04,1.257736061341965978e+02
1.081000000000000000e+03,1.582100000000000000e+04,1.257815566766439588e+02
1.083000000000000000e+03,1.572100000000000000e+04,1.253834119810107950e+02
1.085000000000000000e+03,1.597200000000000000e+04,1.263803782238373969e+02
1.087000000000000000e+03,1.584000000000000000e+04,1.258570617804180074e+02
1.089000000000000000e+03,1.586000000000000000e+04,1.259364919314484723e+02
1.091000000000000000e+03,1.576500000000000000e+04,1.255587511884368723e+02
1.093000000000000000e+03,1.563900000000000000e+04,1.250559874616174056e+02
1.095000000000000000e+03,1.561000000000000000e+04,1.249399855930842023e+02
1.097000000000000000e+03,1.572100000000000000e+04,1.253834119810107950e+02
1.099000000000000000e+03,1.573900000000000000e+04,1.254551712764368858e+02
1.101000000000000000e+03,1.554700000000000000e+04,1.246876096490741475e+02
1.103000000000000000e+03,1.558400000000000000e+04,1.248358922746174358e+02
1.105000000000000000e+03,1.560500000000000000e+04,1.249199743836034031e+02
1.107000000000000000e+03,1.545500000000000000e+04,1.243181402692298434e+02
1.109000000000000000e+03,1.559200000000000000e+04,1.248679302303044096e+02
1.111000000000000000e+03,1.564700000000000000e+04,1.250879690457877587e+02
1.113000000000000000e+03,1.562300000000000000e+04,1.249919997439828876e+02
1.115000000000000000e+03,1.564100000000000000e+04,1.250639836243826721e+02
1.117000000000000000e+03,1.567000000000000000e+04,1.251798705862893257e+02
1.119000000000000000e+03,1.547900000000000000e+04,1.244146293648773280e+02
1.121000000000000000e+03,1.522100000000000000e+04,1.233734169098024722e+02
1.123000000000000000e+03,1.530800000000000000e+04,1.237255026257716963e+02
1.125000000000000000e+03,1.558400000000000000e+04,1.248358922746174358e+02
1.127000000000000000e+03,1.551800000000000000e+04,1.245712647443215246e+02
1.129000000000000000e+03,1.539900000000000000e+04,1.240927072796785069e+02
1.131000000000000000e+03,1.526300000000000000e+04,1.235435146011313918e+02
1.133000000000000000e+03,1.528000000000000000e+04,1.236122971228996903e+02
1.135000000000000000e+03,1.533100000000000000e+04,1.238184154316313652e+02
1.137000000000000000e+03,1.522800000000000000e+04,1.234017828072192060e+02
1.139000000000000000e+03,1.537100000000000000e+04,1.239798370703883847e+02
1.141000000000000000e+03,1.546400000000000000e+04,1.243543324536785804e+02
1.143000000000000000e+03,1.515000000000000000e+04,1.230853362509114959e+02
1.145000000000000000e+03,1.504200000000000000e+04,1.226458315638974454e+02
1.147000000000000000e+03,1.499600000000000000e+04,1.224581561187333136e+02
1.149000000000000000e+03,1.522600000000000000e+04,1.233936789304862032e+02
1.151000000000000000e+03,1.507400000000000000e+04,1.227762191957390314e+02
1.153000000000000000e+03,1.517800000000000000e+04,1.231990259701760806e+02
1.155000000000000000e+03,1.487500000000000000e+04,1.219631091765040765e+02
1.157000000000000000e+03,1.492900000000000000e+04,1.221842870421569387e+02
1.159000000000000000e+03,1.475900000000000000e+04,1.214866247782028950e+02
1.161000000000000000e+03,1.477300000000000000e+04,1.215442306323093362e+02
1.163000000000000000e+03,1.477300000000000000e+04,1.215442306323093362e+02
1.165000000000000000e+03,1.458300000000000000e+04,1.207600927459061495e+02
1.167000000000000000e+03,1.486700000000000000e+04,1.219303079631972651e+02
1.169000000000000000e+03,1.478000000000000000e+04,1.215730233234335174e+02
1.171000000000000000e+03,1.461400000000000000e+04,1.208883782668963249e+02
1.173000000000000000e+03,1.471900000000000000e+04,1.213218859068711026e+02
1.175000000000000000e+03,1.453300000000000000e+04,1.205528929557476658e+02
1.177000000000000000e+03,1.466800000000000000e+04,1.211115188576222863e+02
1.179000000000000000e+03,1.469700000000000000e+04,1.212311841070604714e+02
1.181000000000000000e+03,1.449400000000000000e+04,1.203910295661607961e+02
1.183000000000000000e+03,1.452000000000000000e+04,1.204989626511360257e+02
1.185000000000000000e+03,1.456700000000000000e+04,1.206938275140855694e+02
1.187000000000000000e+03,1.476700000000000000e+04,1.215195457529371197e+02
1.189000000000000000e+03,1.460000000000000000e+04,1.208304597359456238e+02
1.191000000000000000e+03,1.457800000000000000e+04,1.207393887677098974e+02
1.193000000000000000e+03,1.433900000000000000e+04,1.197455635921432986e+02
1.195000000000000000e+03,1.458100000000000000e+04,1.207518115806142305e+02
1.197000000000000000e+03,1.447900000000000000e+04,1.203287164395933360e+02
1.199000000000000000e+03,1.442800000000000000e+04,1.201166100087739323e+02
1.201000000000000000e+03,1.441000000000000000e+04,1.200416594353810069e+02
1.203000000000000000e+03,1.416000000000000000e+04,1.189957982451487624e+02
1.205000000000000000e+03,1.446100000000000000e+04,1.202538980657172942e+02
1.207000000000000000e+03,1.420700000000000000e+04,1.191931206068529718e+02
1.209000000000000000e+03,1.411100000000000000e+04,1.187897301958382741e+02
1.211000000000000000e+03,1.433700000000000000e+04,1.197372122608503560e+02
1.213000000000000000e+03,1.411100000000000000e+04,1.187897301958382741e+02
1.215000000000000000e+03,1.424200000000000000e+04,1.193398508462287282e+02
1.217000000000000000e+03,1.409000000000000000e+04,1.187013058057909802e+02
1.219000000000000000e+03,1.420500000000000000e+04,1.191847305656228855e+02
1.221000000000000000e+03,1.413000000000000000e+04,1.188696765369531931e+02
1.223000000000000000e+03,1.399400000000000000e+04,1.182962383172016416e+02
1.225000000000000000e+03,1.421200000000000000e+04,1.192140931266094412e+02
1.227000000000000000e+03,1.411200000000000000e+04,1.187939392393400340e+02
1.229000000000000000e+03,1.396900000000000000e+04,1.181905241548574850e+02
1.231000000000000000e+03,1.410300000000000000e+04,1.187560524773361976e+02
1.233000000000000000e+03,1.428700000000000000e+04,1.195282393411707744e+02
1.235000000000000000e+03,1.449800000000000000e+04,1.204076409535537096e+02
1.237000000000000000e+03,1.415500000000000000e+04,1.189747872450298019e+02
1.239000000000000000e+03,1.403400000000000000e+04,1.184651847590666875e+02
1.241000000000000000e+03,1.379300000000000000e+04,1.174436034869504510e+02
1.243000000000000000e+03,1.418300000000000000e+04,1.190924011009938113e+02
1.245000000000000000e+03,1.410100000000000000e+04,1.187476315553285531e+02
1.247000000000000000e+03,1.411300000000000000e+04,1.187981481337137666e+02
1.249000000000000000e+03,1.388300000000000000e+04,1.178261431092432758e+02
1.251000000000000000e+03,1.412100000000000000e+04,1.188318139220300509e+02
1.253000000000000000e+03,1.384100000000000000e+04,1.176477794095571880e+02
1.255000000000000000e+03,1.408600000000000000e+04,1.186844555954994576e+02
1.257000000000000000e+03,1.392600000000000000e+04,1.180084742719773203e+02
1.259000000000000000e+03,1.390800000000000000e+04,1.179321839024451037e+02
1.261000000000000000e+03,1.397900000000000000e+04,1.182328211623153038e+02
1.263000000000000000e+03,1.389600000000000000e+04,1.178812962263309601e+02
1.265000000000000000e+03,1.395100000000000000e+04,1.181143513718798204e+02
1.267000000000000000e+03,1.392400000000000000e+04,1.180000000000000000e+02
1.269000000000000000e+03,1.410400000000000000e+04,1.187602627144278813e+02
1.271000000000000000e+03,1.389000000000000000e+04,1.178558441486893571e+02
1.273000000000000000e+03,1.393700000000000000e+04,1.180550718944341497e+02
1.275000000000000000e+03,1.380400000000000000e+04,1.174904251417956402e+02
1.277000000000000000e+03,1.421000000000000000e+04,1.192057045614856179e+02
1.279000000000000000e+03,1.381000000000000000e+04,1.175159563633806101e+02
1.281000000000000000e+03,1.404300000000000000e+04,1.185031645147082600e+02
1.283000000000000000e+03,1.401900000000000000e+04,1.184018580935280625e+02
1.285000000000000000e+03,1.402500000000000000e+04,1.184271928232701612e+02
1.287000000000000000e+03,1.388300000000000000e+04,1.178261431092432758e+02
1.289000000000000000e+03,1.382700000000000000e+04,1.175882647205926332e+02
1.291000000000000000e+03,1.399900000000000000e+04,1.183173698152550060e+02
1.293000000000000000e+03,1.398200000000000000e+04,1.182455073142318724e+02
1.295000000000000000e+03,1.383500000000000000e+04,1.176222768016323244e+02
1.297000000000000000e+03,1.393400000000000000e+04,1.180423652762001439e+02
1.299000000000000000e+03,1.404500000000000000e+04,1.185116028074880887e+02
1.301000000000000000e+03,1.420300000000000000e+04,1.191763399337305600e+02
1.303000000000000000e+03,1.401200000000000000e+04,1.183722940556617687e+02
1.305000000000000000e+03,1.410000000000000000e+04,1.187434208703798504e+02
1.307000000000000000e+03,1.401500000000000000e+04,1.183849652616409003e+02
1.309000000000000000e+03,1.402900000000000000e+04,1.184440796325416159e+02
1.311000000000000000e+03,1.408000000000000000e+04,1.186591757935311762e+02
1.313000000000000000e+03,1.406900000000000000e+04,1.186128154964717396e+02
1.315000000000000000e+03,1.417500000000000000e+04,1.190588089979064534e+02
1.317000000000000000e+03,1.417900000000000000e+04,1.190756062340224162e+02
1.319000000000000000e+03,1.412200000000000000e+04,1.188360214749718580e+02
1.321000000000000000e+03,1.398400000000000000e+04,1.182539639927563258e+02
1.323000000000000000e+03,1.395200000000000000e+04,1.181185844818664918e+02
1.325000000000000000e+03,1.408400000000000000e+04,1.186760295931744622e+02
1.327000000000000000e+03,1.431100000000000000e+04,1.196285919000965805e+02
1.329000000000000000e+03,1.392700000000000000e+04,1.180127111797701218e+02
1.331000000000000000e+03,1.415200000000000000e+04,1.189621788637050486e+02
1.333000000000000000e+03,1.409500000000000000e+04,1.187223652055508865e+02
1.335000000000000000e+03,1.380900000000000000e+04,1.175117015449959581e+02
1.337000000000000000e+03,1.396900000000000000e+04,1.181905241548574850e+02
1.339000000000000000e+03,1.379200000000000000e+04,1.174393460472256265e+02
1.341000000000000000e+03,1.398300000000000000e+04,1.182497357290922082e+02
1.343000000000000000e+03,1.377600000000000000e+04,1.173712060089692386e+02
1.345000000000000000e+03,1.387700000000000000e+04,1.178006791151892685e+02
1.347000000000000000e+03,1.404000000000000000e+04,1.184905059487882681e+02
1.349000000000000000e+03,1.408900000000000000e+04,1.186970934774726629e+02
1.351000000000000000e+03,1.365100000000000000e+04,1.168374939820259897e+02
1.353000000000000000e+03,1.382200000000000000e+04,1.175670021732294117e+02
1.355000000000000000e+03,1.367900000000000000e+04,1.169572571497810713e+02
1.357000000000000000e+03,1.375100000000000000e+04,1.172646579323882179e+02
1.359000000000000000e+03,1.367600000000000000e+04,1.169444312483501562e+02
1.361000000000000000e+03,1.372100000000000000e+04,1.171366723105966230e+02
1.363000000000000000e+03,1.382900000000000000e+04,1.175967686630883691e+02
1.365000000000000000e+03,1.364700000000000000e+04,1.168203749351978331e+02
1.367000000000000000e+03,1.373300000000000000e+04,1.171878833327064058e+02
1.369000000000000000e+03,1.373400000000000000e+04,1.171921499077470799e+02
1.371000000000000000e+03,1.385100000000000000e+04,1.176902714755979105e+02
1.373000000000000000e+03,1.357800000000000000e+04,1.165246754983672872e+02
1.375000000000000000e+03,1.347400000000000000e+04,1.160775602776011510e+02
1.377000000000000000e+03,1.365500000000000000e+04,1.168546105209370580e+02
1.379000000000000000e+03,1.366500000000000000e+04,1.168973909033047676e+02
1.381000000000000000e+03,1.382400000000000000e+04,1.175755076535933767e+02
1.383000000000000000e+03,1.373700000000000000e+04,1.172049487009826407e+02
1.385000000000000000e+03,1.368300000000000000e+04,1.169743561640752887e+02
1.387000000000000000e+03,1.364100000000000000e+04,1.167946916601940757e+02
1.389000000000000000e+03,1.343400000000000000e+04,1.159051336222855753e+02
1.391000000000000000e+03,1.361500000000000000e+04,1.166833321430276555e+02
1.393000000000000000e+03,1.343800000000000000e+04,1.159223878290995344e+02
1.395000000000000000e+03,1.347200000000000000e+04,1.160689450283753104e+02
1.397000000000000000e+03,1.353000000000000000e+04,1.163185281887635938e+02
1.399000000000000000e+03,1.370200000000000000e+04,1.170555423719870305e+02
1.401000000000000000e+03,1.371200000000000000e+04,1.170982493464362051e+02
1.403000000000000000e+03,1.368800000000000000e+04,1.169957264176773606e+02
1.405000000000000000e+03,1.360100000000000000e+04,1.166233252827241813e+02
1.407000000000000000e+03,1.338400000000000000e+04,1.156892389118365827e+02
1.409000000000000000e+03,1.344000000000000000e+04,1.159310139695153339e+02
1.411000000000000000e+03,1.321000000000000000e+04,1.149347641055574059e+02
1.413000000000000000e+03,1.357000000000000000e+04,1.164903429473870347e+02
1.415000000000000000e+03,1.349700000000000000e+04,1.161765897244367807e+02
1.417000000000000000e+03,1.326200000000000000e+04,1.151607572048742441e+02
1.419000000000000000e+03,1.342000000000000000e+04,1.158447236605970829e+02
1.421000000000000000e+03,1.361100000000000000e+04,1.166661904752181727e+02
1.423000000000000000e+03,1.331300000000000000e+04,1.153819743287494930e+02
1.425000000000000000e+03,1.327900000000000000e+04,1.152345434320795903e+02
1.427000000000000000e+03,1.331100000000000000e+04,1.153733071381757327e+02
1.429000000000000000e+03,1.334100000000000000e+04,1.155032467076143803e+02
1.431000000000000000e+03,1.348700000000000000e+04,1.161335438191745197e+02
1.433000000000000000e+03,1.324200000000000000e+04,1.150738893059588008e+02
1.435000000000000000e+03,1.331400000000000000e+04,1.153863076798970724e+02
1.437000000000000000e+03,1.320500000000000000e+04,1.149130105775675474e+02
1.439000000000000000e+03,1.318800000000000000e+04,1.148390177596447757e+02
1.441000000000000000e+03,1.342800000000000000e+04,1.158792474949677853e+02
1.443000000000000000e+03,1.325700000000000000e+04,1.151390463743737200e+02
1.445000000000000000e+03,1.317700000000000000e+04,1.147911146387214103e+02
1.447000000000000000e+03,1.330000000000000000e+04,1.153256259467070777e+02
1.449000000000000000e+03,1.317200000000000000e+04,1.147693338832286827e+02
1.451000000000000000e+03,1.336000000000000000e+04,1.155854662143992755e+02
1.453000000000000000e+03,1.312600000000000000e+04,1.145687566485739808e+02
1.455000000000000000e+03,1.330200000000000000e+04,1.153342967204462184e+02
1.457000000000000000e+03,1.315900000000000000e+04,1.147126845645234425e+02
1.459000000000000000e+03,1.335500000000000000e+04,1.155638351734651224e+02
1.461000000000000000e+03,1.345000000000000000e+04,1.159741350474323553e+02
1.463000000000000000e+03,1.307600000000000000e+04,1.143503388713816094e+02
1.465000000000000000e+03,1.326700000000000000e+04,1.151824639430851676e+02
1.467000000000000000e+03,1.304000000000000000e+04,1.141928193889616523e+02
1.469000000000000000e+03,1.298100000000000000e+04,1.139341915317781968e+02
1.471000000000000000e+03,1.320100000000000000e+04,1.148956047897390818e+02
1.473000000000000000e+03,1.337700000000000000e+04,1.156589814930084685e+02
1.475000000000000000e+03,1.307600000000000000e+04,1.143503388713816094e+02
1.477000000000000000e+03,1.301300000000000000e+04,1.140745370360982633e+02
1.479000000000000000e+03,1.323800000000000000e+04,1.150565078559229732e+02
1.481000000000000000e+03,1.304400000000000000e+04,1.142103322821531037e+02
1.483000000000000000e+03,1.314600000000000000e+04,1.146560072564880102e+02
1.485000000000000000e+03,1.311200000000000000e+04,1.145076416663978307e+02
1.487000000000000000e+03,1.310000000000000000e+04,1.144552314225966256e+02
1.489000000000000000e+03,1.319500000000000000e+04,1.148694911627972033e+02
1.491000000000000000e+03,1.311600000000000000e+04,1.145251064177627995e+02
1.493000000000000000e+03,1.317700000000000000e+04,1.147911146387214103e+02
1.495000000000000000e+03,1.294700000000000000e+04,1.137848847606746858e+02
1.497000000000000000e+03,1.319000000000000000e+04,1.148477252713346388e+02
1.499000000000000000e+03,1.285000000000000000e+04,1.133578404875461274e+02
1.501000000000000000e+03,1.304600000000000000e+04,1.142190877217981324e+02
1.503000000000000000e+03,1.313400000000000000e+04,1.146036648628651164e+02
1.505000000000000000e+03,1.314900000000000000e+04,1.146690891216985619e+02
1.507000000000000000e+03,1.302000000000000000e+04,1.141052146047677525e+02
1.509000000000000000e+03,1.306100000000000000e+04,1.142847321386361727e+02
1.511000000000000000e+03,1.334500000000000000e+04,1.155205609404656570e+02
1.513000000000000000e+03,1.292700000000000000e+04,1.136969656587189093e+02
1.515000000000000000e+03,1.304200000000000000e+04,1.142015761712591484e+02
1.517000000000000000e+03,1.303100000000000000e+04,1.141534055558568070e+02
1.519000000000000000e+03,1.320900000000000000e+04,1.149304137293511303e+02
1.521000000000000000e+03,1.320300000000000000e+04,1.149043080132341856e+02
1.523000000000000000e+03,1.307500000000000000e+04,1.143459662602926983e+02
1.525000000000000000e+03,1.315400000000000000e+04,1.146908889145088324e+02
1.527000000000000000e+03,1.293400000000000000e+04,1.137277450756846520e+02
1.529000000000000000e+03,1.303900000000000000e+04,1.141884407459874637e+02
1.531000000000000000e+03,1.309200000000000000e+04,1.144202779231018212e+02
1.533000000000000000e+03,1.313700000000000000e+04,1.146167527022116701e+02
1.535000000000000000e+03,1.312700000000000000e+04,1.145731207570079278e+02
1.537000000000000000e+03,1.301100000000000000e+04,1.140657705010580685e+02
1.539000000000000000e+03,1.322400000000000000e+04,1.149956520917203306e+02
1.541000000000000000e+03,1.295100000000000000e+04,1.138024604303445813e+02
1.542999999999999773e+03,1.317700000000000000e+04,1.147911146387214103e+02
1.545000000000000000e+03,1.304200000000000000e+04,1.142015761712591484e+02
1.547000000000000000e+03,1.321600000000000000e+04,1.149608629056001519e+02
1.549000000000000000e+03,1.314100000000000000e+04,1.146342008302926843e+02
1.551000000000000000e+03,1.311600000000000000e+04,1.145251064177627995e+02
1.553000000000000000e+03,1.306700000000000000e+04,1.143109793501917011e+02
1.555000000000000000e+03,1.292000000000000000e+04,1.136661779070618650e+02
1.557000000000000000e+03,1.313400000000000000e+04,1.146036648628651164e+02
1.559000000000000000e+03,1.306400000000000000e+04,1.142978564978366194e+02
1.561000000000000000e+03,1.322000000000000000e+04,1.149782588144389592e+02
1.563000000000000000e+03,1.310200000000000000e+04,1.144639681297139759e+02
1.565000000000000000e+03,1.306300000000000000e+04,1.142934818788889970e+02
1.567000000000000000e+03,1.287700000000000000e+04,1.134768698898587900e+02
1.569000000000000000e+03,1.306600000000000000e+04,1.143066052334688720e+02
1.571000000000000000e+03,1.312400000000000000e+04,1.145600279329573823e+02
1.573000000000000000e+03,1.311500000000000000e+04,1.145207404796183255e+02
1.575000000000000000e+03,1.312400000000000000e+04,1.145600279329573823e+02
1.577000000000000000e+03,1.324300000000000000e+04,1.150782342582642741e+02
1.579000000000000000e+03,1.307200000000000000e+04,1.143328474236514012e+02
1.581000000000000000e+03,1.309600000000000000e+04,1.144377560073589848e+02
1.583000000000000000e+03,1.315500000000000000e+04,1.146952483758595918e+02
1.585000000000000000e+03,1.309300000000000000e+04,1.144246476944535971e+02
1.587000000000000000e+03,1.304300000000000000e+04,1.142059543106224737e+02
1.589000000000000000e+03,1.315100000000000000e+04,1.146778095361078158e+02
1.591000000000000000e+03,1.299800000000000000e+04,1.140087715923655196e+02
1.593000000000000000e+03,1.302300000000000000e+04,1.141183596096616384e+02
1.595000000000000000e+03,1.317100000000000000e+04,1.147649772360891802e+02
1.597000000000000000e+03,1.319100000000000000e+04,1.148520787796205695e+02
1.599000000000000000e+03,1.330100000000000000e+04,1.153299614150637353e+02
1.601000000000000000e+03,1.289800000000000000e+04,1.135693620656566054e+02
1.603000000000000000e+03,1.278000000000000000e+04,1.130486620885003504e+02
1.605000000000000000e+03,1.320300000000000000e+04,1.149043080132341856e+02
1.607000000000000000e+03,1.297700000000000000e+04,1.139166361862917256e+02
1.609000000000000000e+03,1.313400000000000000e+04,1.146036648628651164e+02
1.611000000000000000e+03,1.307300000000000000e+04,1.143372205364466936e+02
1.613000000000000000e+03,1.283600000000000000e+04,1.132960723061478348e+02
1.615000000000000000e+03,1.306100000000000000e+04,1.142847321386361727e+02
1.617000000000000000e+03,1.303500000000000000e+04,1.141709244948124251e+02
1.619000000000000000e+03,1.299200000000000000e+04,1.139824547902007907e+02
1.621000000000000000e+03,1.307600000000000000e+04,1.143503388713816094e+02
1.622999999999999773e+03,1.310100000000000000e+04,1.144595998595141282e+02
1.625000000000000000e+03,1.298900000000000000e+04,1.139692941103003250e+02
1.627000000000000000e+03,1.317500000000000000e+04,1.147824028324903338e+02
1.629000000000000000e+03,1.306900000000000000e+04,1.143197270815489901e+02
1.631000000000000000e+03,1.289200000000000000e+04,1.135429434178986412e+02
1.633000000000000000e+03,1.297400000000000000e+04,1.139034679015530855e+02
1.635000000000000000e+03,1.289400000000000000e+04,1.135517503167611721e+02
1.637000000000000000e+03,1.287600000000000000e+04,1.134724636200335226e+02
1.639000000000000000e+03,1.305400000000000000e+04,1.142541027709721675e+02
1.640999999999999773e+03,1.283800000000000000e+04,1.133048983936696459e+02
1.643000000000000000e+03,1.287500000000000000e+04,1.134680571791013790e+02
1.645000000000000000e+03,1.306900000000000000e+04,1.143197270815489901e+02
1.647000000000000000e+03,1.291100000000000000e+04,1.136265813971367606e+02
1.649000000000000000e+03,1.317100000000000000e+04,1.147649772360891802e+02
1.651000000000000000e+03,1.287000000000000000e+04,1.134460224071335688e+02
1.653000000000000000e+03,1.299000000000000000e+04,1.139736811724524159e+02
1.655000000000000000e+03,1.315600000000000000e+04,1.146996076715167874e+02
1.657000000000000000e+03,1.308000000000000000e+04,1.143678276439659385e+02
1.658999999999999773e+03,1.295300000000000000e+04,1.138112472473621892e+02
1.661000000000000000e+03,1.282100000000000000e+04,1.132298547203863563e+02
1.663000000000000000e+03,1.296300000000000000e+04,1.138551711605578021e+02
1.665000000000000000e+03,1.285600000000000000e+04,1.133843022644668963e+02
1.667000000000000000e+03,1.300700000000000000e+04,1.140482354094092443e+02
1.669000000000000000e+03,1.286900000000000000e+04,1.134416149391399813e+02
1.671000000000000000e+03,1.283800000000000000e+04,1.133048983936696459e+02
1.673000000000000000e+03,1.294900000000000000e+04,1.137936729348348308e+02
1.675000000000000000e+03,1.292400000000000000e+04,1.136837719289778761e+02
1.677000000000000000e+03,1.296600000000000000e+04,1.138683450305652514e+02
1.679000000000000000e+03,1.301900000000000000e+04,1.141008325999428052e+02
1.681000000000000000e+03,1.290900000000000000e+04,1.136177802986840106e+02
1.683000000000000000e+03,1.305000000000000000e+04,1.142365965879580472e+02
1.685000000000000000e+03,1.301200000000000000e+04,1.140701538527937373e+02
1.687000000000000000e+03,1.287000000000000000e+04,1.134460224071335688e+02
1.689000000000000000e+03,1.291800000000000000e+04,1.136573798747795081e+02
1.691000000000000000e+03,1.287600000000000000e+04,1.134724636200335226e+02
1.693000000000000000e+03,1.284600000000000000e+04,1.133401958706617734e+02
1.695000000000000000e+03,1.275400000000000000e+04,1.129336088150903379e+02
1.697000000000000000e+03,1.276500000000000000e+04,1.129822994986388949e+02
1.699000000000000000e+03,1.282700000000000000e+04,1.132563464005434071e+02
1.701000000000000000e+03,1.290600000000000000e+04,1.136045773725691106e+02
1.703000000000000000e+03,1.290700000000000000e+04,1.136089785184249195e+02
1.705000000000000000e+03,1.265400000000000000e+04,1.124899995555151690e+02
1.707000000000000000e+03,1.280400000000000000e+04,1.131547612785252568e+02
1.709000000000000000e+03,1.288700000000000000e+04,1.135209231815879320e+02
1.711000000000000000e+03,1.283800000000000000e+04,1.133048983936696459e+02
1.713000000000000000e+03,1.279300000000000000e+04,1.131061448374930478e+02
1.715000000000000000e+03,1.288700000000000000e+04,1.135209231815879320e+02
1.717000000000000000e+03,1.282900000000000000e+04,1.132651755836723169e+02
1.719000000000000000e+03,1.305200000000000000e+04,1.142453500147821615e+02
1.720999999999999773e+03,1.290800000000000000e+04,1.136133794937904895e+02
1.723000000000000000e+03,1.299200000000000000e+04,1.139824547902007907e+02
1.725000000000000000e+03,1.298900000000000000e+04,1.139692941103003250e+02
1.727000000000000000e+03,1.301100000000000000e+04,1.140657705010580685e+02
1.729000000000000000e+03,1.274700000000000000e+04,1.129026129015619517e+02
1.731000000000000000e+03,1.285700000000000000e+04,1.133887119602295570e+02
1.733000000000000000e+03,1.272400000000000000e+04,1.128007092176285369e+02
1.735000000000000000e+03,1.304800000000000000e+04,1.142278424903488485e+02
1.737000000000000000e+03,1.260800000000000000e+04,1.122853507809450093e+02
1.738999999999999773e+03,1.271100000000000000e+04,1.127430707405110297e+02
1.741000000000000000e+03,1.259400000000000000e+04,1.122229922965871083e+02
1.743000000000000000e+03,1.308300000000000000e+04,1.143809424685769045e+02
1.745000000000000000e+03,1.291700000000000000e+04,1.136529806032376655e+02
1.747000000000000000e+03,1.278300000000000000e+04,1.130619299322279403e+02
1.749000000000000000e+03,1.293000000000000000e+04,1.137101578575984604e+02
1.751000000000000000e+03,1.274900000000000000e+04,1.129114697451059328e+02
1.753000000000000000e+03,1.267300000000000000e+04,1.125744198297288676e+02
1.755000000000000000e+03,1.276100000000000000e+04,1.129645962237718777e+02
1.756999999999999773e+03,1.278100000000000000e+04,1.130530848760881781e+02
1.759000000000000000e+03,1.279000000000000000e+04,1.130928821809757210e+02
1.761000000000000000e+03,1.260300000000000000e+04,1.122630838699878950e+02
1.763000000000000000e+03,1.281400000000000000e+04,1.131989399243648222e+02
1.765000000000000000e+03,1.241200000000000000e+04,1.114091558176442049e+02
1.767000000000000000e+03,1.282600000000000000e+04,1.132519315508561704e+02
1.769000000000000000e+03,1.244700000000000000e+04,1.115661238907214283e+02
1.771000000000000000e+03,1.277900000000000000e+04,1.130442391278738796e+02
1.773000000000000000e+03,1.291100000000000000e+04,1.136265813971367606e+02
1.774999999999999773e+03,1.287700000000000000e+04,1.134768698898587900e+02
1.777000000000000000e+03,1.262000000000000000e+04,1.123387733598683553e+02
1.779000000000000000e+03,1.282000000000000000e+04,1.132254388377459691e+02
1.781000000000000000e+03,1.293900000000000000e+04,1.137497252743942227e+02
1.783000000000000000e+03,1.280500000000000000e+04,1.131591799192628969e+02
1.785000000000000000e+03,1.272500000000000000e+04,1.128051417267852230e+02
1.787000000000000000e+03,1.277800000000000000e+04,1.130398159941887570e+02
1.789000000000000000e+03,1.274300000000000000e+04,1.128848971297757089e+02
1.791000000000000000e+03,1.264700000000000000e+04,1.124588813744830986e+02
1.793000000000000000e+03,1.274300000000000000e+04,1.128848971297757089e+02
1.795000000000000000e+03,1.276600000000000000e+04,1.129867248839436797e+02
1.797000000000000000e+03,1.287200000000000000e+04,1.134548368294617831e+02
1.799000000000000000e+03,1.291500000000000000e+04,1.136441815492544265e+02
1.801000000000000000e+03,1.287100000000000000e+04,1.134504297039020457e+02
1.803000000000000000e+03,1.285100000000000000e+04,1.133622512126494257e+02
1.805000000000000000e+03,1.299200000000000000e+04,1.139824547902007907e+02
1.807000000000000000e+03,1.295900000000000000e+04,1.138376036290301272e+02
1.809000000000000000e+03,1.268900000000000000e+04,1.126454615153234045e+02
1.811000000000000000e+03,1.275100000000000000e+04,1.129203258939687657e+02
1.813000000000000000e+03,1.292600000000000000e+04,1.136925679189280345e+02
1.815000000000000000e+03,1.267100000000000000e+04,1.125655364665399247e+02
1.817000000000000000e+03,1.275700000000000000e+04,1.129468901740983711e+02
1.818999999999999773e+03,1.274200000000000000e+04,1.128804677523967257e+02
1.821000000000000000e+03,1.294600000000000000e+04,1.137804904190525122e+02
1.823000000000000000e+03,1.273000000000000000e+04,1.128273016605471639e+02
1.825000000000000000e+03,1.281600000000000000e+04,1.132077735846796713e+02
1.827000000000000000e+03,1.284400000000000000e+04,1.133313725320567755e+02
1.829000000000000000e+03,1.273500000000000000e+04,1.128494572428244282e+02
1.831000000000000000e+03,1.275600000000000000e+04,1.129424632279642537e+02
1.833000000000000000e+03,1.272600000000000000e+04,1.128095740617791307e+02
1.835000000000000000e+03,1.287300000000000000e+04,1.134592437838364276e+02
1.836999999999999773e+03,1.283500000000000000e+04,1.132916590045351768e+02
1.839000000000000000e+03,1.262600000000000000e+04,1.123654751247013337e+02
1.841000000000000000e+03,1.283100000000000000e+04,1.132740040786065947e+02
1.843000000000000000e+03,1.276400000000000000e+04,1.129778739399880578e+02
1.845000000000000000e+03,1.289000000000000000e+04,1.135341358358800790e+02
1.847000000000000000e+03,1.276700000000000000e+04,1.129911500959260593e+02
1.849000000000000000e+03,1.267600000000000000e+04,1.125877435602997139e+02
1.851000000000000000e+03,1.272000000000000000e+04,1.127829774389738304e+02
1.853000000000000000e+03,1.282600000000000000e+04,1.132519315508561704e+02
1.854999999999999773e+03,1.271700000000000000e+04,1.127696767752750020e+02
1.857000000000000000e+03,1.276300000000000000e+04,1.129734482079747977e+02
1.859000000000000000e+03,1.283900000000000000e+04,1.133093111796206358e+02
1.861000000000000000e+03,1.262900000000000000e+04,1.123788236279415287e+02
1.863000000000000000e+03,1.262000000000000000e+04,1.123387733598683553e+02
1.865000000000000000e+03,1.274100000000000000e+04,1.128760382012060290e+02
1.867000000000000000e+03,1.275600000000000000e+04,1.129424632279642537e+02
1.869000000000000000e+03,1.286300000000000000e+04,1.134151665342869819e+02
1.871000000000000000e+03,1.276900000000000000e+04,1.130000000000000000e+02
1.872999999999999773e+03,1.265000000000000000e+04,1.124722187920197030e+02
1.875000000000000000e+03,1.264300000000000000e+04,1.124410956901429017e+02
1.877000000000000000e+03,1.252000000000000000e+04,1.118928058455949213e+02
1.879000000000000000e+03,1.269000000000000000e+04,1.126499001331121690e+02
1.881000000000000000e+03,1.260200000000000000e+04,1.122586299577906175e+02
1.883000000000000000e+03,1.275200000000000000e+04,1.129247537079445465e+02
1.885000000000000000e+03,1.281800000000000000e+04,1.132166065557521506e+02
1.887000000000000000e+03,1.278500000000000000e+04,1.130707742964550562e+02
1.889000000000000000e+03,1.290400000000000000e+04,1.135957745693031029e+02
1.890999999999999773e+03,1.256300000000000000e+04,1.120847893337904679e+02
1.893000000000000000e+03,1.277000000000000000e+04,1.130044246921333979e+02
1.895000000000000000e+03,1.279000000000000000e+04,1.130928821809757210e+02
1.897000000000000000e+03,1.295900000000000000e+04,1.138376036290301272e+02
1.898999999999999773e+03,1.283500000000000000e+04,1.132916590045351768e+02
1.901000000000000000e+03,1.283500000000000000e+04,1.132916590045351768e+02
1.903000000000000000e+03,1.288600000000000000e+04,1.135165186217400333e+02
1.905000000000000000e+03,1.261500000000000000e+04,1.123165170400152419e+02
1.907000000000000000e+03,1.282600000000000000e+04,1.132519315508561704e+02
1.909000000000000000e+03,1.249700000000000000e+04,1.117899816620429192e+02
1.911000000000000000e+03,1.251300000000000000e+04,1.118615215344398166e+02
1.913000000000000000e+03,1.265100000000000000e+04,1.124766642464110191e+02
1.915000000000000000e+03,1.265100000000000000e+04,1.124766642464110191e+02
1.916999999999999773e+03,1.276400000000000000e+04,1.129778739399880578e+02
1.919000000000000000e+03,1.269200000000000000e+04,1.126587768440604123e+02
1.921000000000000000e+03,1.271800000000000000e+04,1.127741105041404808e+02
1.923000000000000000e+03,1.274600000000000000e+04,1.128981842192333716e+02
1.925000000000000000e+03,1.261700000000000000e+04,1.123254200971441605e+02
1.927000000000000000e+03,1.259800000000000000e+04,1.122408125416059193e+02
1.929000000000000000e+03,1.255700000000000000e+04,1.120580206857139274e+02
1.931000000000000000e+03,1.255000000000000000e+04,1.120267825120408816e+02
1.933000000000000000e+03,1.260200000000000000e+04,1.122586299577906175e+02
1.934999999999999773e+03,1.279300000000000000e+04,1.131061448374930478e+02
1.937000000000000000e+03,1.272600000000000000e+04,1.128095740617791307e+02
1.939000000000000000e+03,1.259000000000000000e+04,1.122051692213863134e+02
1.941000000000000000e+03,1.259100000000000000e+04,1.122096252555911633e+02
1.943000000000000000e+03,1.264200000000000000e+04,1.124366488294635928e+02
1.945000000000000000e+03,1.273000000000000000e+04,1.128273016605471639e+02
1.947000000000000227e+03,1.260400000000000000e+04,1.122675376054903609e+02
1.949000000000000000e+03,1.277500000000000000e+04,1.130265455545722943e+02
1.950999999999999773e+03,1.266000000000000000e+04,1.125166654322820250e+02
1.953000000000000000e+03,1.261900000000000000e+04,1.123343224486616236e+02
1.954999999999999773e+03,1.257800000000000000e+04,1.121516830011933052e+02
1.956999999999999545e+03,1.281900000000000000e+04,1.132210227828745701e+02
1.958999999999999773e+03,1.274100000000000000e+04,1.128760382012060290e+02
1.960999999999999545e+03,1.268900000000000000e+04,1.126454615153234045e+02
1.963000000000000000e+03,1.271400000000000000e+04,1.127563745426396054e+02
1.964999999999999773e+03,1.253000000000000000e+04,1.119374825516460987e+02
1.966999999999999545e+03,1.275800000000000000e+04,1.129513169467263651e+02
1.968999999999999773e+03,1.271400000000000000e+04,1.127563745426396054e+02
1.970999999999999773e+03,1.290800000000000000e+04,1.136133794937904895e+02
1.973000000000000000e+03,1.281400000000000000e+04,1.131989399243648222e+02
1.974999999999999773e+03,1.279600000000000000e+04,1.131194059390345501e+02
1.976999999999999545e+03,1.278900000000000000e+04,1.130884609498243663e+02
1.978999999999999773e+03,1.271200000000000000e+04,1.127475055156428425e+02
1.980999999999999773e+03,1.277900000000000000e+04,1.130442391278738796e+02
1.983000000000000000e+03,1.275800000000000000e+04,1.129513169467263651e+02
1.984999999999999773e+03,1.275700000000000000e+04,1.129468901740983711e+02
1.986999999999999545e+03,1.270300000000000000e+04,1.127075862575366045e+02
1.988999999999999773e+03,1.279200000000000000e+04,1.131017241247900529e+02
1.990999999999999773e+03,1.266200000000000000e+04,1.125255526536075195e+02
1.992999999999999545e+03,1.270000000000000000e+04,1.126942766958472930e+02
1.994999999999999773e+03,1.261300000000000000e+04,1.123076132771057019e+02
1.996999999999999545e+03,1.280100000000000000e+04,1.131415043209162832e+02
1.999000000000000000e+03,1.253500000000000000e+04,1.119598142192098749e+02
2.000999999999999773e+03,1.290100000000000000e+04,1.135825690852252592e+02
2.002999999999999545e+03,1.271200000000000000e+04,1.127475055156428425e+02
2.004999999999999773e+03,1.288500000000000000e+04,1.135121138909853471e+02
2.006999999999999773e+03,1.298700000000000000e+04,1.139605194793348346e+02
2.009000000000000000e+03,1.280400000000000000e+04,1.131547612785252568e+02
2.010999999999999773e+03,1.271700000000000000e+04,1.127696767752750020e+02
2.012999999999999545e+03,1.274700000000000000e+04,1.129026129015619517e+02
2.014999999999999773e+03,1.279000000000000000e+04,1.130928821809757210e+02
2.016999999999999773e+03,1.266700000000000000e+04,1.125477676366790547e+02
2.019000000000000000e+03,1.268000000000000000e+04,1.126055060820744984e+02
2.020999999999999773e+03,1.271100000000000000e+04,1.127430707405110297e+02
2.022999999999999545e+03,1.281200000000000000e+04,1.131901055746475322e+02
2.025000000000000000e+03,1.288400000000000000e+04,1.135077089893020457e+02
2.026999999999999773e+03,1.298700000000000000e+04,1.139605194793348346e+02
2.028999999999999545e+03,1.293400000000000000e+04,1.137277450756846520e+02
2.030999999999999773e+03,1.290700000000000000e+04,1.136089785184249195e+02
2.032999999999999545e+03,1.295600000000000000e+04,1.138244262010575767e+02
2.035000000000000000e+03,1.273000000000000000e+04,1.128273016605471639e+02
2.036999999999999773e+03,1.260500000000000000e+04,1.122719911643143860e+02
2.038999999999999545e+03,1.268800000000000000e+04,1.126410227226297138e+02
2.040999999999999773e+03,1.271200000000000000e+04,1.127475055156428425e+02
2.042999999999999773e+03,1.275400000000000000e+04,1.129336088150903379e+02
2.045000000000000000e+03,1.276300000000000000e+04,1.129734482079747977e+02
2.046999999999999773e+03,1.291100000000000000e+04,1.136265813971367606e+02
2.048999999999999545e+03,1.288600000000000000e+04,1.135165186217400333e+02
2.051000000000000000e+03,1.259900000000000000e+04,1.122452671608025412e+02
2.052999999999999545e+03,1.259000000000000000e+04,1.122051692213863134e+02
2.054999999999999545e+03,1.262700000000000000e+04,1.123699248019674997e+02
2.057000000000000000e+03,1.277900000000000000e+04,1.130442391278738796e+02
2.058999999999999545e+03,1.259600000000000000e+04,1.122319027727862704e+02
2.061000000000000000e+03,1.287800000000000000e+04,1.134812759885971900e+02
2.062999999999999545e+03,1.285300000000000000e+04,1.133710721480565553e+02
2.064999999999999545e+03,1.297400000000000000e+04,1.139034679015530855e+02
2.067000000000000000e+03,1.280500000000000000e+04,1.131591799192628969e+02
2.068999999999999545e+03,1.285700000000000000e+04,1.133887119602295570e+02
2.071000000000000000e+03,1.264400000000000000e+04,1.124455423749641341e+02
2.072999999999999545e+03,1.268200000000000000e+04,1.126143862923381676e+02
2.074999999999999545e+03,1.275500000000000000e+04,1.129380361083021853e+02
2.077000000000000000e+03,1.284200000000000000e+04,1.133225485064649547e+02
2.078999999999999545e+03,1.266400000000000000e+04,1.125344391730814095e+02
2.081000000000000000e+03,1.276900000000000000e+04,1.130000000000000000e+02
2.083000000000000000e+03,1.264700000000000000e+04,1.124588813744830986e+02
2.084999999999999545e+03,1.270100000000000000e+04,1.126987133910588454e+02
2.087000000000000000e+03,1.279000000000000000e+04,1.130928821809757210e+02
2.088999999999999545e+03,1.261400000000000000e+04,1.123120652467932814e+02
2.090999999999999545e+03,1.260800000000000000e+04,1.122853507809450093e+02
2.093000000000000000e+03,1.262800000000000000e+04,1.123743743030408950e+02
2.094999999999999545e+03,1.295100000000000000e+04,1.138024604303445813e+02
2.097000000000000000e+03,1.285600000000000000e+04,1.133843022644668963e+02
2.098999999999999545e+03,1.291900000000000000e+04,1.136617789760475716e+02
2.100999999999999545e+03,1.280600000000000000e+04,1.131635983874675730e+02
2.103000000000000000e+03,1.266000000000000000e+04,1.125166654322820250e+02
2.104999999999999545e+03,1.233800000000000000e+04,1.110765501804944506e+02
2.107000000000000000e+03,1.264400000000000000e+04,1.124455423749641341e+02
2.108999999999999545e+03,1.275300000000000000e+04,1.129291813483123406e+02
2.110999999999999545e+03,1.273500000000000000e+04,1.128494572428244282e+02
2.113000000000000000e+03,1.255300000000000000e+04,1.120401713672381447e+02
2.114999999999999545e+03,1.255400000000000000e+04,1.120446339634345350e+02
2.117000000000000000e+03,1.271000000000000000e+04,1.127386357909308572e+02
2.119000000000000000e+03,1.254100000000000000e+04,1.119866063420085993e+02
2.120999999999999545e+03,1.277700000000000000e+04,1.130353926874231547e+02
2.123000000000000000e+03,1.262200000000000000e+04,1.123476746532833204e+02
2.124999999999999545e+03,1.259300000000000000e+04,1.122185367931706423e+02
2.126999999999999545e+03,1.256600000000000000e+04,1.120981712607299414e+02
2.129000000000000000e+03,1.264800000000000000e+04,1.124633273560757516e+02
2.130999999999999545e+03,1.281100000000000000e+04,1.131856881412131770e+02
2.133000000000000000e+03,1.263000000000000000e+04,1.123832727766912285e+02
2.134999999999999545e+03,1.290600000000000000e+04,1.136045773725691106e+02
2.136999999999999545e+03,1.261300000000000000e+04,1.123076132771057019e+02
2.139000000000000000e+03,1.257100000000000000e+04,1.121204709230205481e+02
2.140999999999999545e+03,1.255100000000000000e+04,1.120312456415613269e+02
2.143000000000000000e+03,1.265200000000000000e+04,1.124811095251116058e+02
2.144999999999999545e+03,1.249500000000000000e+04,1.117810359586983395e+02
2.146999999999999545e+03,1.246400000000000000e+04,1.116422858956229902e+02
2.149000000000000000e+03,1.257800000000000000e+04,1.121516830011933052e+02
2.150999999999999545e+03,1.274900000000000000e+04,1.129114697451059328e+02
2.152999999999999545e+03,1.260400000000000000e+04,1.122675376054903609e+02
2.155000000000000000e+03,1.247900000000000000e+04,1.117094445425282174e+02
2.156999999999999545e+03,1.279100000000000000e+04,1.130973032392903406e+02
2.159000000000000000e+03,1.292500000000000000e+04,1.136881700090198137e+02
2.160999999999999545e+03,1.257500000000000000e+04,1.121383074600289547e+02
2.162999999999999545e+03,1.275100000000000000e+04,1.129203258939687657e+02
2.165000000000000000e+03,1.271000000000000000e+04,1.127386357909308572e+02
2.166999999999999545e+03,1.264800000000000000e+04,1.124633273560757516e+02
2.169000000000000000e+03,1.261600000000000000e+04,1.123209686567915924e+02
2.170999999999999545e+03,1.265600000000000000e+04,1.124988888834013778e+02
2.172999999999999545e+03,1.272300000000000000e+04,1.127962765342890634e+02
2.175000000000000000e+03,1.264300000000000000e+04,1.124410956901429017e+02
2.176999999999999545e+03,1.246800000000000000e+04,1.116601988176626037e+02
2.179000000000000000e+03,1.251900000000000000e+04,1.118883371938281925e+02
2.181000000000000000e+03,1.256900000000000000e+04,1.121115515903693449e+02
2.182999999999999545e+03,1.275800000000000000e+04,1.129513169467263651e+02
2.185000000000000000e+03,1.273100000000000000e+04,1.128317331250382267e+02
2.186999999999999545e+03,1.254000000000000000e+04,1.119821414333546272e+02
2.188999999999999545e+03,1.255800000000000000e+04,1.120624825711092853e+02
2.191000000000000000e+03,1.269000000000000000e+04,1.126499001331121690e+02
2.192999999999999545e+03,1.261100000000000000e+04,1.122987088082500122e+02
2.195000000000000000e+03,1.253200000000000000e+04,1.119464157532529498e+02
2.196999999999999545e+03,1.273200000000000000e+04,1.128361644154920214e+02
2.198999999999999545e+03,1.266000000000000000e+04,1.125166654322820250e+02
2.201000000000000000e+03,1.262000000000000000e+04,1.123387733598683553e+02
2.202999999999999545e+03,1.268900000000000000e+04,1.126454615153234045e+02
2.205000000000000000e+03,1.258100000000000000e+04,1.121650569473404175e+02
2.206999999999999545e+03,1.268900000000000000e+04,1.126454615153234045e+02
2.208999999999999545e+03,1.263700000000000000e+04,1.124144118874446576e+02
2.211000000000000000e+03,1.263100000000000000e+04,1.123877217493081844e+02
2.212999999999999545e+03,1.266300000000000000e+04,1.125299960010670475e+02
2.215000000000000000e+03,1.279600000000000000e+04,1.131194059390345501e+02
2.217000000000000000e+03,1.270900000000000000e+04,1.127342006668786780e+02
2.218999999999999545e+03,1.262400000000000000e+04,1.123565752415051975e+02
2.221000000000000000e+03,1.284900000000000000e+04,1.133534295908157219e+02
2.222999999999999545e+03,1.252300000000000000e+04,1.119062107302361255e+02
2.224999999999999545e+03,1.257900000000000000e+04,1.121561411604379828e+02
2.227000000000000000e+03,1.261700000000000000e+04,1.123254200971441605e+02
2.228999999999999545e+03,1.254400000000000000e+04,1.120000000000000000e+02
2.231000000000000000e+03,1.271100000000000000e+04,1.127430707405110297e+02
2.232999999999999545e+03,1.256600000000000000e+04,1.120981712607299414e+02
2.234999999999999545e+03,1.244400000000000000e+04,1.115526781390744873e+02
2.237000000000000000e+03,1.261700000000000000e+04,1.123254200971441605e+02
2.238999999999999545e+03,1.271100000000000000e+04,1.127430707405110297e+02
2.241000000000000000e+03,1.255100000000000000e+04,1.120312456415613269e+02
2.242999999999999545e+03,1.269500000000000000e+04,1.126720905992242479e+02
2.244999999999999545e+03,1.245100000000000000e+04,1.115840490392783977e+02
2.247000000000000000e+03,1.269900000000000000e+04,1.126898398259581882e+02
2.248999999999999545e+03,1.262800000000000000e+04,1.123743743030408950e+02
2.250999999999999545e+03,1.265800000000000000e+04,1.125077775089357601e+02
2.253000000000000000e+03,1.263600000000000000e+04,1.124099639711712371e+02
2.254999999999999545e+03,1.294600000000000000e+04,1.137804904190525122e+02
2.257000000000000000e+03,1.246700000000000000e+04,1.116557208565682231e+02
2.258999999999999545e+03,1.266700000000000000e+04,1.125477676366790547e+02
2.260999999999999545e+03,1.266300000000000000e+04,1.125299960010670475e+02
2.263000000000000000e+03,1.260200000000000000e+04,1.122586299577906175e+02
2.264999999999999545e+03,1.257500000000000000e+04,1.121383074600289547e+02
2.267000000000000000e+03,1.239600000000000000e+04,1.113373252777346352e+02
2.268999999999999545e+03,1.274300000000000000e+04,1.128848971297757089e+02
2.270999999999999545e+03,1.263800000000000000e+04,1.124188596277326724e+02
2.273000000000000000e+03,1.255200000000000000e+04,1.120357085932864720e+02
2.274999999999999545e+03,1.265500000000000000e+04,1.124944443072636204e+02
2.277000000000000000e+03,1.274200000000000000e+04,1.128804677523967257e+02
2.279000000000000000e+03,1.262500000000000000e+04,1.123610252712205693e+02
2.280999999999999545e+03,1.268800000000000000e+04,1.126410227226297138e+02
2.283000000000000000e+03,1.250700000000000000e+04,1.118346994452076615e+02
2.284999999999999545e+03,1.277300000000000000e+04,1.130176977291612275e+02
2.286999999999999545e+03,1.258100000000000000e+04,1.121650569473404175e+02
2.289000000000000000e+03,1.272600000000000000e+04,1.128095740617791307e+02
2.290999999999999545e+03,1.247400000000000000e+04,1.116870628139186010e+02
2.293000000000000000e+03,1.241800000000000000e+04,1.114360803330764611e+02
2.294999999999999545e+03,1.250700000000000000e+04,1.118346994452076615e+02
2.296999999999999545e+03,1.257900000000000000e+04,1.121561411604379828e+02
2.299000000000000000e+03,1.270800000000000000e+04,1.127297653683363023e+02
2.300999999999999545e+03,1.279500000000000000e+04,1.131149857445961970e+02
2.303000000000000000e+03,1.272500000000000000e+04,1.128051417267852230e+02
2.304999999999999545e+03,1.272300000000000000e+04,1.127962765342890634e+02
2.306999999999999545e+03,1.256200000000000000e+04,1.120803283364220988e+02
2.309000000000000000e+03,1.241300000000000000e+04,1.114136436887329182e+02
2.310999999999999545e+03,1.268700000000000000e+04,1.126365837550129072e+02
2.313000000000000000e+03,1.270400000000000000e+04,1.127120224288428290e+02
2.315000000000000000e+03,1.265100000000000000e+04,1.124766642464110191e+02
2.316999999999999545e+03,1.244300000000000000e+04,1.115481958616983320e+02
2.319000000000000000e+03,1.260700000000000000e+04,1.122808977520217013e+02
2.320999999999999545e+03,1.282400000000000000e+04,1.132431013351360889e+02
2.322999999999999545e+03,1.256200000000000000e+04,1.120803283364220988e+02
2.325000000000000000e+03,1.278300000000000000e+04,1.130619299322279403e+02
2.326999999999999545e+03,1.263400000000000000e+04,1.124010676105881430e+02
2.329000000000000000e+03,1.265900000000000000e+04,1.125122215583705838e+02
2.330999999999999545e+03,1.237700000000000000e+04,1.112519662747581606e+02
2.332999999999999545e+03,1.263100000000000000e+04,1.123877217493081844e+02
2.335000000000000000e+03,1.258000000000000000e+04,1.121605991424803506e+02
2.336999999999999545e+03,1.261900000000000000e+04,1.123343224486616236e+02
2.339000000000000000e+03,1.262400000000000000e+04,1.123565752415051975e+02
2.340999999999999545e+03,1.248300000000000000e+04,1.117273466972164897e+02
2.342999999999999545e+03,1.254500000000000000e+04,1.120044641967451753e+02
2.345000000000000000e+03,1.270100000000000000e+04,1.126987133910588454e+02
2.346999999999999545e+03,1.271800000000000000e+04,1.127741105041404808e+02
2.348999999999999545e+03,1.253000000000000000e+04,1.119374825516460987e+02
2.351000000000000000e+03,1.286500000000000000e+04,1.134239833544925204e+02
2.352999999999999545e+03,1.262600000000000000e+04,1.123654751247013337e+02
2.355000000000000000e+03,1.276000000000000000e+04,1.129601699715440191e+02
2.356999999999999545e+03,1.259900000000000000e+04,1.122452671608025412e+02
2.358999999999999545e+03,1.271500000000000000e+04,1.127608087945445732e+02
2.361000000000000000e+03,1.281000000000000000e+04,1.131812705353677302e+02
2.362999999999999545e+03,1.266400000000000000e+04,1.125344391730814095e+02
2.365000000000000000e+03,1.233600000000000000e+04,1.110675470153182687e+02
2.366999999999999545e+03,1.267300000000000000e+04,1.125744198297288676e+02
2.368999999999999545e+03,1.237100000000000000e+04,1.112249971903802361e+02
2.371000000000000000e+03,1.255800000000000000e+04,1.120624825711092853e+02
2.372999999999999545e+03,1.274700000000000000e+04,1.129026129015619517e+02
2.375000000000000000e+03,1.243100000000000000e+04,1.114943944779279263e+02
2.377000000000000000e+03,1.252900000000000000e+04,1.119330156834876107e+02
2.378999999999999545e+03,1.266500000000000000e+04,1.125388821696742525e+02
2.381000000000000000e+03,1.247000000000000000e+04,1.116691542011485581e+02
2.382999999999999545e+03,1.267900000000000000e+04,1.126010657143178832e+02
2.384999999999999545e+03,1.269500000000000000e+04,1.126720905992242479e+02
2.387000000000000000e+03,1.253200000000000000e+04,1.119464157532529498e+02
2.388999999999999545e+03,1.257900000000000000e+04,1.121561411604379828e+02
2.391000000000000000e+03,1.251400000000000000e+04,1.118659912573966722e+02
2.392999999999999545e+03,1.233700000000000000e+04,1.110720486891277687e+02
2.394999999999999545e+03,1.261200000000000000e+04,1.123031611309324944e+02
2.397000000000000000e+03,1.265400000000000000e+04,1.124899995555151690e+02
2.398999999999999545e+03,1.231400000000000000e+04,1.109684639886490913e+02
2.401000000000000000e+03,1.247700000000000000e+04,1.117004923892454826e+02
2.402999999999999545e+03,1.270600000000000000e+04,1.127208942476954689e+02
2.404999999999999545e+03,1.263700000000000000e+04,1.124144118874446576e+02
2.407000000000000000e+03,1.244100000000000000e+04,1.115392307665788394e+02
2.408999999999999545e+03,1.261600000000000000e+04,1.123209686567915924e+02
2.410999999999999545e+03,1.251500000000000000e+04,1.118704608017687860e+02
2.413000000000000000e+03,1.265300000000000000e+04,1.124855546281396528e+02
2.414999999999999545e+03,1.257200000000000000e+04,1.121249303232780221e+02
2.417000000000000000e+03,1.253500000000000000e+04,1.119598142192098749e+02
2.418999999999999545e+03,1.233300000000000000e+04,1.110540408990145806e+02
2.420999999999999545e+03,1.242900000000000000e+04,1.114854250563730602e+02
2.423000000000000000e+03,1.261200000000000000e+04,1.123031611309324944e+02
2.424999999999999545e+03,1.237800000000000000e+04,1.112564604865710862e+02
2.427000000000000000e+03,1.245500000000000000e+04,1.116019713087534910e+02
2.428999999999999545e+03,1.258500000000000000e+04,1.121828863953851396e+02
2.430999999999999545e+03,1.256400000000000000e+04,1.120892501536163763e+02
2.433000000000000000e+03,1.244300000000000000e+04,1.115481958616983320e+02
2.434999999999999545e+03,1.263300000000000000e+04,1.123966191662366327e+02
2.437000000000000000e+03,1.248200000000000000e+04,1.117228714274751837e+02
2.438999999999999545e+03,1.234500000000000000e+04,1.111080555135413306e+02
2.440999999999999545e+03,1.254600000000000000e+04,1.120089282155677211e+02
2.443000000000000000e+03,1.248800000000000000e+04,1.117497203575912863e+02
2.444999999999999545e+03,1.232500000000000000e+04,1.110180165558722365e+02
2.446999999999999545e+03,1.255500000000000000e+04,1.120490963818992896e+02
2.449000000000000000e+03,1.258000000000000000e+04,1.121605991424803506e+02
2.450999999999999545e+03,1.232500000000000000e+04,1.110180165558722365e+02
2.453000000000000000e+03,1.257700000000000000e+04,1.121472246647244901e+02
2.454999999999999545e+03,1.267100000000000000e+04,1.125655364665399247e+02
2.456999999999999545e+03,1.245600000000000000e+04,1.116064514264289755e+02
2.459000000000000000e+03,1.264500000000000000e+04,1.124499888839472987e+02
2.460999999999999545e+03,1.250400000000000000e+04,1.118212859879549796e+02
2.463000000000000000e+03,1.274400000000000000e+04,1.128893263333611685e+02
2.464999999999999545e+03,1.238600000000000000e+04,1.112924076476010669e+02
2.466999999999999545e+03,1.246400000000000000e+04,1.116422858956229902e+02
2.469000000000000000e+03,1.253700000000000000e+04,1.119687456391293381e+02
2.470999999999999545e+03,1.258700000000000000e+04,1.121918000568675780e+02
2.473000000000000000e+03,1.240600000000000000e+04,1.113822247937259817e+02
2.474999999999999545e+03,1.239700000000000000e+04,1.113418160441087821e+02
2.476999999999999545e+03,1.245500000000000000e+04,1.116019713087534910e+02
2.479000000000000000e+03,1.239300000000000000e+04,1.113238518916768953e+02
2.480999999999999545e+03,1.240800000000000000e+04,1.113912025251538580e+02
2.482999999999999545e+03,1.247500000000000000e+04,1.116915395184441877e+02
2.485000000000000000e+03,1.230700000000000000e+04,1.109369190125635214e+02
2.486999999999999545e+03,1.239000000000000000e+04,1.113103768747550930e+02
2.489000000000000000e+03,1.241800000000000000e+04,1.114360803330764611e+02
2.490999999999999545e+03,1.241600000000000000e+04,1.114271062174721010e+02
2.492999999999999545e+03,1.252100000000000000e+04,1.118972743189042376e+02
2.495000000000000000e+03,1.256500000000000000e+04,1.120937107959234709e+02
2.496999999999999545e+03,1.246400000000000000e+04,1.116422858956229902e+02
2.499000000000000000e+03,1.245400000000000000e+04,1.115974910112236103e+02
2.500999999999999545e+03,1.249300000000000000e+04,1.117720895393831597e+02
2.502999999999999545e+03,1.231300000000000000e+04,1.109639581125338736e+02
2.505000000000000000e+03,1.230400000000000000e+04,1.109233969908964355e+02
2.506999999999999545e+03,1.241500000000000000e+04,1.114226188886259479e+02
2.508999999999999545e+03,1.235300000000000000e+04,1.111440506729886692e+02
2.511000000000000000e+03,1.246500000000000000e+04,1.116467643955711537e+02
2.512999999999999545e+03,1.241600000000000000e+04,1.114271062174721010e+02
2.515000000000000000e+03,1.243500000000000000e+04,1.115123311566931079e+02
2.516999999999999545e+03,1.255800000000000000e+04,1.120624825711092853e+02
2.518999999999999545e+03,1.238300000000000000e+04,1.112789288230251259e+02
2.521000000000000000e+03,1.248700000000000000e+04,1.117452459838896175e+02
2.522999999999999545e+03,1.261200000000000000e+04,1.123031611309324944e+02
2.525000000000000000e+03,1.231700000000000000e+04,1.109819805193619686e+02
2.526999999999999545e+03,1.240000000000000000e+04,1.113552872565996950e+02
2.528999999999999545e+03,1.232200000000000000e+04,1.110045044131093164e+02
2.531000000000000000e+03,1.271600000000000000e+04,1.127652428720830358e+02
2.532999999999999545e+03,1.236000000000000000e+04,1.111755368774975068e+02
2.535000000000000000e+03,1.229700000000000000e+04,1.108918391947754571e+02
2.536999999999999545e+03,1.243100000000000000e+04,1.114943944779279263e+02
2.538999999999999545e+03,1.243000000000000000e+04,1.114899098573496303e+02
2.541000000000000000e+03,1.237100000000000000e+04,1.112249971903802361e+02
2.542999999999999545e+03,1.245700000000000000e+04,1.116109313642700727e+02
2.544999999999999545e+03,1.259800000000000000e+04,1.122408125416059193e+02
2.547000000000000000e+03,1.249600000000000000e+04,1.117855088998567226e+02
2.548999999999999545e+03,1.229000000000000000e+04,1.108602724153242889e+02
2.551000000000000000e+03,1.244000000000000000e+04,1.115347479487900273e+02
2.552999999999999545e+03,1.252700000000000000e+04,1.119240814123568271e+02
2.554999999999999545e+03,1.252800000000000000e+04,1.119285486370663421e+02
2.557000000000000000e+03,1.250800000000000000e+04,1.118391702401258954e+02
2.558999999999999545e+03,1.263600000000000000e+04,1.124099639711712371e+02
2.561000000000000000e+03,1.248800000000000000e+04,1.117497203575912863e+02
2.562999999999999545e+03,1.253300000000000000e+04,1.119508820867431496e+02
2.564999999999999545e+03,1.254100000000000000e+04,1.119866063420085993e+02
2.567000000000000000e+03,1.243900000000000000e+04,1.115302649508194008e+02
2.568999999999999545e+03,1.241000000000000000e+04,1.114001795330696041e+02
2.571000000000000000e+03,1.251500000000000000e+04,1.118704608017687860e+02
2.572999999999999545e+03,1.246800000000000000e+04,1.116601988176626037e+02
2.574999999999999545e+03,1.243100000000000000e+04,1.114943944779279263e+02
2.577000000000000000e+03,1.246100000000000000e+04,1.116288493177271448e+02
2.578999999999999545e+03,1.243900000000000000e+04,1.115302649508194008e+02
2.580999999999999545e+03,1.261600000000000000e+04,1.123209686567915924e+02
2.583000000000000000e+03,1.248700000000000000e+04,1.117452459838896175e+02
2.584999999999999545e+03,1.284500000000000000e+04,1.133357842872228503e+02
2.587000000000000000e+03,1.218300000000000000e+04,1.103766279608134937e+02
2.588999999999999545e+03,1.257200000000000000e+04,1.121249303232780221e+02
2.590999999999999545e+03,1.257100000000000000e+04,1.121204709230205481e+02
2.593000000000000000e+03,1.235600000000000000e+04,1.111575458527222509e+02
2.594999999999999545e+03,1.251300000000000000e+04,1.118615215344398166e+02
2.597000000000000000e+03,1.237800000000000000e+04,1.112564604865710862e+02
2.598999999999999545e+03,1.230500000000000000e+04,1.109279045145995042e+02
2.600999999999999545e+03,1.235700000000000000e+04,1.111620438818936236e+02
2.603000000000000000e+03,1.254300000000000000e+04,1.119955356253103673e+02
2.604999999999999545e+03,1.259000000000000000e+04,1.122051692213863134e+02
2.606999999999999545e+03,1.231700000000000000e+04,1.109819805193619686e+02
2.609000000000000000e+03,1.244000000000000000e+04,1.115347479487900273e+02
2.610999999999999545e+03,1.255200000000000000e+04,1.120357085932864720e+02
2.613000000000000000e+03,1.250100000000000000e+04,1.118078709215060371e+02
2.614999999999999545e+03,1.253900000000000000e+04,1.119776763466725242e+02
2.616999999999999545e+03,1.231300000000000000e+04,1.109639581125338736e+02
2.619000000000000000e+03,1.261200000000000000e+04,1.123031611309324944e+02
2.620999999999999545e+03,1.244700000000000000e+04,1.115661238907214283e+02
2.623000000000000000e+03,1.254800000000000000e+04,1.120178557195231406e+02
2.624999999999999545e+03,1.266200000000000000e+04,1.125255526536075195e+02
2.626999999999999545e+03,1.226500000000000000e+04,1.107474604674971488e+02
2.629000000000000000e+03,1.270900000000000000e+04,1.127342006668786780e+02
2.630999999999999545e+03,1.277100000000000000e+04,1.130088492110244260e+02
2.633000000000000000e+03,1.252600000000000000e+04,1.119196140093408758e+02
2.634999999999999545e+03,1.217300000000000000e+04,1.103313192162586347e+02
2.636999999999999545e+03,1.246700000000000000e+04,1.116557208565682231e+02
2.639000000000000000e+03,1.257200000000000000e+04,1.121249303232780221e+02
2.640999999999999545e+03,1.265400000000000000e+04,1.124899995555151690e+02
2.642999999999999545e+03,1.257800000000000000e+04,1.121516830011933052e+02
2.645000000000000000e+03,1.249000000000000000e+04,1.117586685675887566e+02
2.646999999999999545e+03,1.246000000000000000e+04,1.116243700990071375e+02
2.649000000000000000e+03,1.244800000000000000e+04,1.115706054478505393e+02
2.650999999999999545e+03,1.246700000000000000e+04,1.116557208565682231e+02
2.652999999999999545e+03,1.256400000000000000e+04,1.120892501536163763e+02
2.655000000000000000e+03,1.240200000000000000e+04,1.113642671596226137e+02
2.656999999999999545e+03,1.227400000000000000e+04,1.107880860020613909e+02
2.659000000000000000e+03,1.243200000000000000e+04,1.114988789181315951e+02
2.660999999999999545e+03,1.233700000000000000e+04,1.110720486891277687e+02
2.662999999999999545e+03,1.247700000000000000e+04,1.117004923892454826e+02
2.665000000000000000e+03,1.225100000000000000e+04,1.106842355532171496e+02
2.666999999999999545e+03,1.257700000000000000e+04,1.121472246647244901e+02
2.669000000000000000e+03,1.248100000000000000e+04,1.117183959784597391e+02
2.670999999999999545e+03,1.247000000000000000e+04,1.116691542011485581e+02
2.672999999999999545e+03,1.270900000000000000e+04,1.127342006668786780e+02
2.675000000000000000e+03,1.239600000000000000e+04,1.113373252777346352e+02
2.676999999999999545e+03,1.229200000000000000e+04,1.108692924122824479e+02
2.678999999999999545e+03,1.264200000000000000e+04,1.124366488294635928e+02
2.681000000000000000e+03,1.235000000000000000e+04,1.111305538544638694e+02
2.682999999999999545e+03,1.231200000000000000e+04,1.109594520534410549e+02
2.685000000000000000e+03,1.227200000000000000e+04,1.107790593930094474e+02
2.686999999999999545e+03,1.257400000000000000e+04,1.121338485917603975e+02
2.688999999999999545e+03,1.216800000000000000e+04,1.103086578651018499e+02
2.691000000000000000e+03,1.248500000000000000e+04,1.117362966989694542e+02
2.692999999999999545e+03,1.250300000000000000e+04,1.118168144779665454e+02
2.695000000000000000e+03,1.229000000000000000e+04,1.108602724153242889e+02
2.696999999999999545e+03,1.229000000000000000e+04,1.108602724153242889e+02
2.698999999999999545e+03,1.256200000000000000e+04,1.120803283364220988e+02
2.701000000000000000e+03,1.252600000000000000e+04,1.119196140093408758e+02
2.702999999999999545e+03,1.250600000000000000e+04,1.118302284715537098e+02
2.704999999999999545e+03,1.255100000000000000e+04,1.120312456415613269e+02
2.706999999999999545e+03,1.258300000000000000e+04,1.121739720255991415e+02
2.708999999999999545e+03,1.239000000000000000e+04,1.113103768747550930e+02
2.711000000000000000e+03,1.238400000000000000e+04,1.112834219459491578e+02
2.712999999999999545e+03,1.231700000000000000e+04,1.109819805193619686e+02
2.714999999999999545e+03,1.219400000000000000e+04,1.104264461078055319e+02
2.717000000000000000e+03,1.242400000000000000e+04,1.114629983447430277e+02
2.718999999999999545e+03,1.255800000000000000e+04,1.120624825711092853e+02
2.721000000000000000e+03,1.243700000000000000e+04,1.115212984142490313e+02
2.722999999999999545e+03,1.247700000000000000e+04,1.117004923892454826e+02
2.724999999999999545e+03,1.251300000000000000e+04,1.118615215344398166e+02
2.727000000000000000e+03,1.220400000000000000e+04,1.104717158371313417e+02
2.728999999999999545e+03,1.244900000000000000e+04,1.115750868249724590e+02
2.731000000000000000e+03,1.236700000000000000e+04,1.112070141672720638e+02
2.732999999999999545e+03,1.237500000000000000e+04,1.112429773064341134e+02
2.734999999999999545e+03,1.240700000000000000e+04,1.113867137498909869e+02
2.737000000000000000e+03,1.246300000000000000e+04,1.116378072160150623e+02
2.738999999999999545e+03,1.258000000000000000e+04,1.121605991424803506e+02
2.740999999999999545e+03,1.237500000000000000e+04,1.112429773064341134e+02
2.743000000000000000e+03,1.221000000000000000e+04,1.104988687724908232e+02
2.744999999999999545e+03,1.253100000000000000e+04,1.119419492415599962e+02
2.747000000000000000e+03,1.247100000000000000e+04,1.116736316235837876e+02
2.748999999999999545e+03,1.253900000000000000e+04,1.119776763466725242e+02
2.750999999999999545e+03,1.254100000000000000e+04,1.119866063420085993e+02
2.753000000000000000e+03,1.227100000000000000e+04,1.107745458126555604e+02
2.754999999999999545e+03,1.244100000000000000e+04,1.115392307665788394e+02
2.757000000000000000e+03,1.248300000000000000e+04,1.117273466972164897e+02
2.758999999999999545e+03,1.232700000000000000e+04,1.110270237374661519e+02
2.760999999999999545e+03,1.242900000000000000e+04,1.114854250563730602e+02
2.763000000000000000e+03,1.239400000000000000e+04,1.113283432015414292e+02
2.764999999999999545e+03,1.242100000000000000e+04,1.114495401515869162e+02
2.767000000000000000e+03,1.225800000000000000e+04,1.107158525234754052e+02
2.768999999999999545e+03,1.229600000000000000e+04,1.108873302050324128e+02
2.770999999999999545e+03,1.233200000000000000e+04,1.110495384952137101e+02
2.773000000000000000e+03,1.253400000000000000e+04,1.119553482420560613e+02
2.774999999999999545e+03,1.236300000000000000e+04,1.111890282357035176e+02
2.776999999999999545e+03,1.255400000000000000e+04,1.120446339634345350e+02
2.779000000000000000e+03,1.237700000000000000e+04,1.112519662747581606e+02
2.780999999999999545e+03,1.237900000000000000e+04,1.112609545168470504e+02
2.783000000000000000e+03,1.242200000000000000e+04,1.114540263965373015e+02
2.784999999999999545e+03,1.236700000000000000e+04,1.112070141672720638e+02
2.786999999999999545e+03,1.249200000000000000e+04,1.117676160611827072e+02
2.789000000000000000e+03,1.244800000000000000e+04,1.115706054478505393e+02
2.790999999999999545e+03,1.229000000000000000e+04,1.108602724153242889e+02
2.793000000000000000e+03,1.237500000000000000e+04,1.112429773064341134e+02
2.794999999999999545e+03,1.237500000000000000e+04,1.112429773064341134e+02
2.796999999999999545e+03,1.225600000000000000e+04,1.107068200247849745e+02
2.799000000000000000e+03,1.247200000000000000e+04,1.116781088665102288e+02
2.800999999999999545e+03,1.235100000000000000e+04,1.111350529760966310e+02
2.802999999999999545e+03,1.241300000000000000e+04,1.114136436887329182e+02
2.804999999999999545e+03,1.235800000000000000e+04,1.111665417290660116e+02
2.806999999999999545e+03,1.239100000000000000e+04,1.113148687283064646e+02
2.809000000000000000e+03,1.245500000000000000e+04,1.116019713087534910e+02
2.810999999999999545e+03,1.237300000000000000e+04,1.112339876117002859e+02
2.812999999999999545e+03,1.242800000000000000e+04,1.114809400749745691e+02
2.815000000000000000e+03,1.249200000000000000e+04,1.117676160611827072e+02
2.816999999999999545e+03,1.260500000000000000e+04,1.122719911643143860e+02
2.819000000000000000e+03,1.230500000000000000e+04,1.109279045145995042e+02
2.820999999999999545e+03,1.243300000000000000e+04,1.115033631779770076e+02
2.822999999999999545e+03,1.244300000000000000e+04,1.115481958616983320e+02
2.825000000000000000e+03,1.257200000000000000e+04,1.121249303232780221e+02
2.826999999999999545e+03,1.234700000000000000e+04,1.111170553965494037e+02
2.829000000000000000e+03,1.243400000000000000e+04,1.115078472574914485e+02
2.830999999999999545e+03,1.257600000000000000e+04,1.121427661510097096e+02
2.832999999999999545e+03,1.269300000000000000e+04,1.126632149372635467e+02
2.835000000000000000e+03,1.240300000000000000e+04,1.113687568396089773e+02
2.836999999999999545e+03,1.239600000000000000e+04,1.113373252777346352e+02
2.838999999999999545e+03,1.249900000000000000e+04,1.117989266495878837e+02
2.841000000000000000e+03,1.251600000000000000e+04,1.118749301675761672e+02
2.842999999999999545e+03,1.230700000000000000e+04,1.109369190125635214e+02
2.845000000000000000e+03,1.244700000000000000e+04,1.115661238907214283e+02
2.846999999999999545e+03,1.241200000000000000e+04,1.114091558176442049e+02
2.848999999999999545e+03,1.245900000000000000e+04,1.116198907005382353e+02
2.851000000000000000e+03,1.248600000000000000e+04,1.117407714310229494e+02
2.852999999999999545e+03,1.239700000000000000e+04,1.113418160441087821e+02
2.855000000000000000e+03,1.238200000000000000e+04,1.112744355186769099e+02
2.856999999999999545e+03,1.248000000000000000e+04,1.117139203501519660e+02
2.858999999999999545e+03,1.236000000000000000e+04,1.111755368774975068e+02
2.861000000000000000e+03,1.249700000000000000e+04,1.117899816620429192e+02
2.862999999999999545e+03,1.235400000000000000e+04,1.111485492482916015e+02
2.865000000000000000e+03,1.237300000000000000e+04,1.112339876117002859e+02
2.866999999999999545e+03,1.243800000000000000e+04,1.115257817726469511e+02
2.868999999999999545e+03,1.215400000000000000e+04,1.102451813005900476e+02
2.871000000000000000e+03,1.249700000000000000e+04,1.117899816620429192e+02
2.872999999999999545e+03,1.230200000000000000e+04,1.109143813939390384e+02
2.874999999999999545e+03,1.242500000000000000e+04,1.114674840480402054e+02
2.877000000000000000e+03,1.245600000000000000e+04,1.116064514264289755e+02
2.878999999999999545e+03,1.251800000000000000e+04,1.118838683635840425e+02
2.881000000000000000e+03,1.254800000000000000e+04,1.120178557195231406e+02
2.882999999999999545e+03,1.223900000000000000e+04,1.106300140106650360e+02
2.884999999999999545e+03,1.230700000000000000e+04,1.109369190125635214e+02
2.887000000000000000e+03,1.230600000000000000e+04,1.109324118551467109e+02
2.888999999999999545e+03,1.248100000000000000e+04,1.117183959784597391e+02
2.891000000000000000e+03,1.224500000000000000e+04,1.106571281029828242e+02
2.892999999999999545e+03,1.230800000000000000e+04,1.109414259868699446e+02
2.894999999999999545e+03,1.249900000000000000e+04,1.117989266495878837e+02
2.897000000000000000e+03,1.245000000000000000e+04,1.115795680221071962e+02
2.898999999999999545e+03,1.245000000000000000e+04,1.115795680221071962e+02
2.900999999999999545e+03,1.245000000000000000e+04,1.115795680221071962e+02
2.902999999999999545e+03,1.237100000000000000e+04,1.112249971903802361e+02
2.904999999999999545e+03,1.241200000000000000e+04,1.114091558176442049e+02
2.907000000000000000e+03,1.257300000000000000e+04,1.121293895461840293e+02
2.908999999999999545e+03,1.228000000000000000e+04,1.108151614175603754e+02
2.910999999999999545e+03,1.236600000000000000e+04,1.112025179571046465e+02
2.913000000000000000e+03,1.257500000000000000e+04,1.121383074600289547e+02
2.914999999999999545e+03,1.250800000000000000e+04,1.118391702401258954e+02
2.917000000000000000e+03,1.236900000000000000e+04,1.112160060422957031e+02
2.918999999999999545e+03,1.234400000000000000e+04,1.111035552986486437e+02
2.920999999999999545e+03,1.252500000000000000e+04,1.119151464279966603e+02
2.923000000000000000e+03,1.251800000000000000e+04,1.118838683635840425e+02
2.924999999999999545e+03,1.246500000000000000e+04,1.116467643955711537e+02
2.927000000000000000e+03,1.248100000000000000e+04,1.117183959784597391e+02
2.928999999999999545e+03,1.254400000000000000e+04,1.120000000000000000e+02
2.930999999999999545e+03,1.220800000000000000e+04,1.104898185354650195e+02
2.933000000000000000e+03,1.241100000000000000e+04,1.114046677657624969e+02
2.934999999999999545e+03,1.236300000000000000e+04,1.111890282357035176e+02
2.936999999999999545e+03,1.246600000000000000e+04,1.116512427158777427e+02
2.938999999999999545e+03,1.229100000000000000e+04,1.108647825055377325e+02
2.940999999999999545e+03,1.265300000000000000e+04,1.124855546281396528e+02
2.943000000000000000e+03,1.244800000000000000e+04,1.115706054478505393e+02
2.944999999999999545e+03,1.256200000000000000e+04,1.120803283364220988e+02
2.946999999999999545e+03,1.232900000000000000e+04,1.110360301884029468e+02
2.949000000000000000e+03,1.255200000000000000e+04,1.120357085932864720e+02
2.950999999999999545e+03,1.243600000000000000e+04,1.115168148756056326e+02
2.953000000000000000e+03,1.252000000000000000e+04,1.118928058455949213e+02
2.954999999999999545e+03,1.247200000000000000e+04,1.116781088665102288e+02
2.956999999999999545e+03,1.223300000000000000e+04,1.106028932713779795e+02
2.959000000000000000e+03,1.256900000000000000e+04,1.121115515903693449e+02
2.960999999999999545e+03,1.244100000000000000e+04,1.115392307665788394e+02
2.963000000000000000e+03,1.240400000000000000e+04,1.113732463386077143e+02
2.964999999999999545e+03,1.240200000000000000e+04,1.113642671596226137e+02
2.966999999999999545e+03,1.243100000000000000e+04,1.114943944779279263e+02
2.969000000000000000e+03,1.244100000000000000e+04,1.115392307665788394e+02
2.970999999999999545e+03,1.240300000000000000e+04,1.113687568396089773e+02
2.972999999999999545e+03,1.244500000000000000e+04,1.115571602363561396e+02
2.975000000000000000e+03,1.227200000000000000e+04,1.107790593930094474e+02
2.976999999999999545e+03,1.240100000000000000e+04,1.113597772986286145e+02
2.979000000000000000e+03,1.251700000000000000e+04,1.118793993548406434e+02
2.980999999999999545e+03,1.235600000000000000e+04,1.111575458527222509e+02
2.982999999999999545e+03,1.262900000000000000e+04,1.123788236279415287e+02
2.985000000000000000e+03,1.236900000000000000e+04,1.112160060422957031e+02
2.986999999999999545e+03,1.233400000000000000e+04,1.110585431202835025e+02
2.989000000000000000e+03,1.255300000000000000e+04,1.120401713672381447e+02
2.990999999999999545e+03,1.233000000000000000e+04,1.110405331399306306e+02
2.992999999999999545e+03,1.247200000000000000e+04,1.116781088665102288e+02
2.995000000000000000e+03,1.241000000000000000e+04,1.114001795330696041e+02
2.996999999999999545e+03,1.237200000000000000e+04,1.112294924918751349e+02
2.998999999999999545e+03,1.234400000000000000e+04,1.111035552986486437e+02
3.000999999999999545e+03,1.230700000000000000e+04,1.109369190125635214e+02
3.002999999999999545e+03,1.240900000000000000e+04,1.113956911195400608e+02
3.005000000000000000e+03,1.237400000000000000e+04,1.112384825498793361e+02
3.006999999999999545e+03,1.238200000000000000e+04,1.112744355186769099e+02
3.008999999999999545e+03,1.245100000000000000e+04,1.115840490392783977e+02
3.011000000000000000e+03,1.230600000000000000e+04,1.109324118551467109e+02
3.012999999999999545e+03,1.236700000000000000e+04,1.112070141672720638e+02
3.015000000000000000e+03,1.248500000000000000e+04,1.117362966989694542e+02
3.016999999999999545e+03,1.250100000000000000e+04,1.118078709215060371e+02
3.018999999999999545e+03,1.246300000000000000e+04,1.116378072160150623e+02
3.021000000000000000e+03,1.241000000000000000e+04,1.114001795330696041e+02
3.022999999999999545e+03,1.242900000000000000e+04,1.114854250563730602e+02
3.025000000000000000e+03,1.253400000000000000e+04,1.119553482420560613e+02
3.026999999999999545e+03,1.237900000000000000e+04,1.112609545168470504e+02
3.028999999999999545e+03,1.234800000000000000e+04,1.111215550647120835e+02
3.031000000000000000e+03,1.240900000000000000e+04,1.113956911195400608e+02
3.032999999999999545e+03,1.232500000000000000e+04,1.110180165558722365e+02
3.034999999999999545e+03,1.217700000000000000e+04,1.103494449464978970e+02
3.036999999999999545e+03,1.244000000000000000e+04,1.115347479487900273e+02
3.038999999999999545e+03,1.259800000000000000e+04,1.122408125416059193e+02
3.041000000000000000e+03,1.242600000000000000e+04,1.114719695708299696e+02
3.042999999999999545e+03,1.248800000000000000e+04,1.117497203575912863e+02
3.044999999999999545e+03,1.259200000000000000e+04,1.122140811128447240e+02
3.047000000000000000e+03,1.244200000000000000e+04,1.115437134042076650e+02
3.048999999999999545e+03,1.256500000000000000e+04,1.120937107959234709e+02
3.051000000000000000e+03,1.246300000000000000e+04,1.116378072160150623e+02
3.052999999999999545e+03,1.243900000000000000e+04,1.115302649508194008e+02
3.054999999999999545e+03,1.243600000000000000e+04,1.115168148756056326e+02
3.057000000000000000e+03,1.256000000000000000e+04,1.120714058089743048e+02
3.058999999999999545e+03,1.239500000000000000e+04,1.113328343302182475e+02
3.061000000000000000e+03,1.232800000000000000e+04,1.110315270542560029e+02
3.062999999999999545e+03,1.244800000000000000e+04,1.115706054478505393e+02
3.064999999999999545e+03,1.232000000000000000e+04,1.109954954040931625e+02
3.067000000000000000e+03,1.247700000000000000e+04,1.117004923892454826e+02
3.068999999999999545e+03,1.236900000000000000e+04,1.112160060422957031e+02
3.070999999999999545e+03,1.248100000000000000e+04,1.117183959784597391e+02
3.073000000000000000e+03,1.238800000000000000e+04,1.113013926238127169e+02
3.074999999999999545e+03,1.242700000000000000e+04,1.114764549131341482e+02
3.077000000000000000e+03,1.232500000000000000e+04,1.110180165558722365e+02
3.078999999999999545e+03,1.258600000000000000e+04,1.121873433146538446e+02
3.080999999999999545e+03,1.229300000000000000e+04,1.108738021355802630e+02
3.083000000000000000e+03,1.236400000000000000e+04,1.111935249913403823e+02
3.084999999999999545e+03,1.244000000000000000e+04,1.115347479487900273e+02
3.087000000000000000e+03,1.237200000000000000e+04,1.112294924918751349e+02
3.088999999999999545e+03,1.241100000000000000e+04,1.114046677657624969e+02
3.090999999999999545e+03,1.246200000000000000e+04,1.116333283567237231e+02
3.093000000000000000e+03,1.262100000000000000e+04,1.123432240947349783e+02
3.094999999999999545e+03,1.229200000000000000e+04,1.108692924122824479e+02
3.096999999999999545e+03,1.258900000000000000e+04,1.122007130102119845e+02
3.098999999999999545e+03,1.230400000000000000e+04,1.109233969908964355e+02
3.100999999999999545e+03,1.243000000000000000e+04,1.114899098573496303e+02
3.103000000000000000e+03,1.248000000000000000e+04,1.117139203501519660e+02
3.104999999999999545e+03,1.243200000000000000e+04,1.114988789181315951e+02
3.106999999999999545e+03,1.249800000000000000e+04,1.117944542452805763e+02
3.109000000000000000e+03,1.246400000000000000e+04,1.116422858956229902e+02
3.110999999999999545e+03,1.232900000000000000e+04,1.110360301884029468e+02
3.113000000000000000e+03,1.228600000000000000e+04,1.108422302193521318e+02
3.114999999999999545e+03,1.242900000000000000e+04,1.114854250563730602e+02
3.116999999999999545e+03,1.235000000000000000e+04,1.111305538544638694e+02
3.119000000000000000e+03,1.260900000000000000e+04,1.122898036332771881e+02
3.120999999999999545e+03,1.226200000000000000e+04,1.107339153105313017e+02
3.123000000000000000e+03,1.272200000000000000e+04,1.127918436767486128e+02
3.124999999999999545e+03,1.253900000000000000e+04,1.119776763466725242e+02
3.126999999999999545e+03,1.229300000000000000e+04,1.108738021355802630e+02
3.129000000000000000e+03,1.244500000000000000e+04,1.115571602363561396e+02
3.130999999999999545e+03,1.236000000000000000e+04,1.111755368774975068e+02
3.132999999999999545e+03,1.240900000000000000e+04,1.113956911195400608e+02
3.134999999999999545e+03,1.250400000000000000e+04,1.118212859879549796e+02
3.136999999999999545e+03,1.243400000000000000e+04,1.115078472574914485e+02
3.139000000000000000e+03,1.241400000000000000e+04,1.114181313790541026e+02
3.140999999999999545e+03,1.248600000000000000e+04,1.117407714310229494e+02
3.142999999999999545e+03,1.230700000000000000e+04,1.109369190125635214e+02
3.145000000000000000e+03,1.252700000000000000e+04,1.119240814123568271e+02
3.146999999999999545e+03,1.248900000000000000e+04,1.117541945521516027e+02
3.149000000000000000e+03,1.258400000000000000e+04,1.121784292990414542e+02
3.150999999999999545e+03,1.260400000000000000e+04,1.122675376054903609e+02
3.152999999999999545e+03,1.238200000000000000e+04,1.112744355186769099e+02
3.155000000000000000e+03,1.244200000000000000e+04,1.115437134042076650e+02
3.156999999999999545e+03,1.231800000000000000e+04,1.109864856637959747e+02
3.158999999999999545e+03,1.231800000000000000e+04,1.109864856637959747e+02
3.160999999999999545e+03,1.254300000000000000e+04,1.119955356253103673e+02
3.162999999999999545e+03,1.244800000000000000e+04,1.115706054478505393e+02
3.165000000000000000e+03,1.227100000000000000e+04,1.107745458126555604e+02
3.166999999999999545e+03,1.241400000000000000e+04,1.114181313790541026e+02
3.168999999999999545e+03,1.241200000000000000e+04,1.114091558176442049e+02
3.171000000000000000e+03,1.248700000000000000e+04,1.117452459838896175e+02
3.172999999999999545e+03,1.269000000000000000e+04,1.126499001331121690e+02
3.175000000000000000e+03,1.231300000000000000e+04,1.109639581125338736e+02
3.176999999999999545e+03,1.262100000000000000e+04,1.123432240947349783e+02
3.178999999999999545e+03,1.249700000000000000e+04,1.117899816620429192e+02
3.181000000000000000e+03,1.230200000000000000e+04,1.109143813939390384e+02
3.182999999999999545e+03,1.250000000000000000e+04,1.118033988749903074e+02
3.185000000000000000e+03,1.241500000000000000e+04,1.114226188886259479e+02
3.186999999999999545e+03,1.246600000000000000e+04,1.116512427158777427e+02
3.188999999999999545e+03,1.249900000000000000e+04,1.117989266495878837e+02
3.191000000000000000e+03,1.272900000000000000e+04,1.128228700219951861e+02
3.192999999999999545e+03,1.261400000000000000e+04,1.123120652467932814e+02
3.194999999999999545e+03,1.224600000000000000e+04,1.106616464724793332e+02
3.196999999999999545e+03,1.237200000000000000e+04,1.112294924918751349e+02
3.198999999999999545e+03,1.239500000000000000e+04,1.113328343302182475e+02
3.201000000000000000e+03,1.259600000000000000e+04,1.122319027727862704e+02
3.202999999999999545e+03,1.253800000000000000e+04,1.119732110819368245e+02
3.204999999999999545e+03,1.254400000000000000e+04,1.120000000000000000e+02
3.207000000000000000e+03,1.264000000000000000e+04,1.124277545804416150e+02
3.208999999999999545e+03,1.228900000000000000e+04,1.108557621416221082e+02
3.211000000000000000e+03,1.245700000000000000e+04,1.116109313642700727e+02
3.212999999999999545e+03,1.216600000000000000e+04,1.102995920210050826e+02
3.214999999999999545e+03,1.233500000000000000e+04,1.110630451590441226e+02
3.217000000000000000e+03,1.255300000000000000e+04,1.120401713672381447e+02
3.218999999999999545e+03,1.244600000000000000e+04,1.115616421535651170e+02
3.221000000000000000e+03,1.255800000000000000e+04,1.120624825711092853e+02
3.222999999999999545e+03,1.247700000000000000e+04,1.117004923892454826e+02
3.224999999999999545e+03,1.250000000000000000e+04,1.118033988749903074e+02
3.227000000000000000e+03,1.238400000000000000e+04,1.112834219459491578e+02
3.228999999999999545e+03,1.261300000000000000e+04,1.123076132771057019e+02
3.230999999999999545e+03,1.255500000000000000e+04,1.120490963818992896e+02
3.232999999999999545e+03,1.240400000000000000e+04,1.113732463386077143e+02
3.234999999999999545e+03,1.250000000000000000e+04,1.118033988749903074e+02
3.237000000000000000e+03,1.242400000000000000e+04,1.114629983447430277e+02
3.238999999999999545e+03,1.238800000000000000e+04,1.113013926238127169e+02
3.240999999999999545e+03,1.235200000000000000e+04,1.111395519155976217e+02
3.243000000000000000e+03,1.225200000000000000e+04,1.106887528161732916e+02
3.244999999999999545e+03,1.251700000000000000e+04,1.118793993548406434e+02
3.247000000000000000e+03,1.240400000000000000e+04,1.113732463386077143e+02
3.248999999999999545e+03,1.231000000000000000e+04,1.109504393862407596e+02
3.250999999999999545e+03,1.257300000000000000e+04,1.121293895461840293e+02
3.253000000000000000e+03,1.227900000000000000e+04,1.108106493077266350e+02
3.254999999999999545e+03,1.253900000000000000e+04,1.119776763466725242e+02
3.256999999999999545e+03,1.231700000000000000e+04,1.109819805193619686e+02
3.258999999999999545e+03,1.228300000000000000e+04,1.108286966448667954e+02
3.260999999999999545e+03,1.257300000000000000e+04,1.121293895461840293e+02
3.263000000000000000e+03,1.239600000000000000e+04,1.113373252777346352e+02
3.264999999999999545e+03,1.231900000000000000e+04,1.109909906253651570e+02
3.266999999999999545e+03,1.257000000000000000e+04,1.121160113453915983e+02
3.268999999999999545e+03,1.256300000000000000e+04,1.120847893337904679e+02
3.270999999999999545e+03,1.246700000000000000e+04,1.116557208565682231e+02
3.273000000000000000e+03,1.240800000000000000e+04,1.113912025251538580e+02
3.274999999999999545e+03,1.225600000000000000e+04,1.107068200247849745e+02
3.276999999999999545e+03,1.253800000000000000e+04,1.119732110819368245e+02
3.279000000000000000e+03,1.226200000000000000e+04,1.107339153105313017e+02
3.280999999999999545e+03,1.237600000000000000e+04,1.112474718813864456e+02
3.283000000000000000e+03,1.251200000000000000e+04,1.118570516328763915e+02
3.284999999999999545e+03,1.254200000000000000e+04,1.119910710726526304e+02
3.286999999999999545e+03,1.247600000000000000e+04,1.116960160435464786e+02
3.289000000000000000e+03,1.234700000000000000e+04,1.111170553965494037e+02
3.290999999999999545e+03,1.248200000000000000e+04,1.117228714274751837e+02
3.292999999999999545e+03,1.231200000000000000e+04,1.109594520534410549e+02
3.294999999999999545e+03,1.254400000000000000e+04,1.120000000000000000e+02
3.296999999999999545e+03,1.248100000000000000e+04,1.117183959784597391e+02
3.299000000000000000e+03,1.261200000000000000e+04,1.123031611309324944e+02
3.300999999999999545e+03,1.239300000000000000e+04,1.113238518916768953e+02
3.302999999999999545e+03,1.223800000000000000e+04,1.106254943491785525e+02
3.305000000000000000e+03,1.255900000000000000e+04,1.120669442788548622e+02
3.306999999999999545e+03,1.252300000000000000e+04,1.119062107302361255e+02
3.309000000000000000e+03,1.229300000000000000e+04,1.108738021355802630e+02
3.310999999999999545e+03,1.249200000000000000e+04,1.117676160611827072e+02
3.312999999999999545e+03,1.258400000000000000e+04,1.121784292990414542e+02
3.315000000000000000e+03,1.229000000000000000e+04,1.108602724153242889e+02
3.316999999999999545e+03,1.240000000000000000e+04,1.113552872565996950e+02
3.319000000000000000e+03,1.230800000000000000e+04,1.109414259868699446e+02
3.320999999999999545e+03,1.231700000000000000e+04,1.109819805193619686e+02
3.322999999999999545e+03,1.235400000000000000e+04,1.111485492482916015e+02
3.325000000000000000e+03,1.246100000000000000e+04,1.116288493177271448e+02
3.326999999999999545e+03,1.231600000000000000e+04,1.109774751920413109e+02
3.328999999999999545e+03,1.218200000000000000e+04,1.103720979233421531e+02
3.330999999999999545e+03,1.240100000000000000e+04,1.113597772986286145e+02
3.332999999999999545e+03,1.233200000000000000e+04,1.110495384952137101e+02
3.335000000000000000e+03,1.237400000000000000e+04,1.112384825498793361e+02
3.336999999999999545e+03,1.254000000000000000e+04,1.119821414333546272e+02
3.338999999999999545e+03,1.243800000000000000e+04,1.115257817726469511e+02
3.341000000000000000e+03,1.238100000000000000e+04,1.112699420328772248e+02
3.342999999999999545e+03,1.246400000000000000e+04,1.116422858956229902e+02
3.345000000000000000e+03,1.227600000000000000e+04,1.107971118757159275e+02
3.346999999999999545e+03,1.220900000000000000e+04,1.104943437466372416e+02
3.348999999999999545e+03,1.257800000000000000e+04,1.121516830011933052e+02
3.351000000000000000e+03,1.227000000000000000e+04,1.107700320483836549e+02
3.352999999999999545e+03,1.262600000000000000e+04,1.123654751247013337e+02
3.354999999999999545e+03,1.258000000000000000e+04,1.121605991424803506e+02
3.356999999999999545e+03,1.248700000000000000e+04,1.117452459838896175e+02
3.358999999999999545e+03,1.238600000000000000e+04,1.112924076476010669e+02
3.361000000000000000e+03,1.246500000000000000e+04,1.116467643955711537e+02
3.362999999999999545e+03,1.246500000000000000e+04,1.116467643955711537e+02
3.364999999999999545e+03,1.252900000000000000e+04,1.119330156834876107e+02
3.366999999999999545e+03,1.246200000000000000e+04,1.116333283567237231e+02
3.368999999999999545e+03,1.246200000000000000e+04,1.116333283567237231e+02
3.371000000000000000e+03,1.228900000000000000e+04,1.108557621416221082e+02
3.372999999999999545e+03,1.245300000000000000e+04,1.115930105338138674e+02
3.374999999999999545e+03,1.251500000000000000e+04,1.118704608017687860e+02
3.377000000000000000e+03,1.248400000000000000e+04,1.117318217877073039e+02
3.378999999999999545e+03,1.222100000000000000e+04,1.105486318323291925e+02
3.381000000000000000e+03,1.221800000000000000e+04,1.105350623105623526e+02
3.382999999999999545e+03,1.241100000000000000e+04,1.114046677657624969e+02
3.384999999999999545e+03,1.234400000000000000e+04,1.111035552986486437e+02
3.387000000000000000e+03,1.222400000000000000e+04,1.105621996886820853e+02
3.388999999999999545e+03,1.223600000000000000e+04,1.106164544721978018e+02
3.390999999999999545e+03,1.251400000000000000e+04,1.118659912573966722e+02
3.392999999999999545e+03,1.235300000000000000e+04,1.111440506729886692e+02
3.394999999999999545e+03,1.227400000000000000e+04,1.107880860020613909e+02
3.397000000000000000e+03,1.239000000000000000e+04,1.113103768747550930e+02
3.398999999999999545e+03,1.218400000000000000e+04,1.103811578123732033e+02
3.400999999999999545e+03,1.226400000000000000e+04,1.107429455992569274e+02
3.403000000000000000e+03,1.246600000000000000e+04,1.116512427158777427e+02
3.404999999999999545e+03,1.246900000000000000e+04,1.116646765991827124e+02
3.407000000000000000e+03,1.243800000000000000e+04,1.115257817726469511e+02
3.408999999999999545e+03,1.218400000000000000e+04,1.103811578123732033e+02
3.410999999999999545e+03,1.249400000000000000e+04,1.117765628385477612e+02
3.413000000000000000e+03,1.231200000000000000e+04,1.109594520534410549e+02
3.414999999999999545e+03,1.251200000000000000e+04,1.118570516328763915e+02
3.417000000000000000e+03,1.244700000000000000e+04,1.115661238907214283e+02
3.418999999999999545e+03,1.229300000000000000e+04,1.108738021355802630e+02
3.420999999999999545e+03,1.256000000000000000e+04,1.120714058089743048e+02
3.423000000000000000e+03,1.232600000000000000e+04,1.110225202380133851e+02
3.424999999999999545e+03,1.247600000000000000e+04,1.116960160435464786e+02
3.426999999999999545e+03,1.235000000000000000e+04,1.111305538544638694e+02
3.428999999999999545e+03,1.230000000000000000e+04,1.109053650640944397e+02
3.430999999999999545e+03,1.212400000000000000e+04,1.101090368680070242e+02
3.433000000000000000e+03,1.255300000000000000e+04,1.120401713672381447e+02
3.434999999999999545e+03,1.246100000000000000e+04,1.116288493177271448e+02
3.436999999999999545e+03,1.236500000000000000e+04,1.111980215651346953e+02
3.439000000000000000e+03,1.242400000000000000e+04,1.114629983447430277e+02
3.440999999999999545e+03,1.238300000000000000e+04,1.112789288230251259e+02
3.443000000000000000e+03,1.221200000000000000e+04,1.105079182683311956e+02
3.444999999999999545e+03,1.226800000000000000e+04,1.107610039680039336e+02
3.446999999999999545e+03,1.257500000000000000e+04,1.121383074600289547e+02
3.449000000000000000e+03,1.233500000000000000e+04,1.110630451590441226e+02
3.450999999999999545e+03,1.234300000000000000e+04,1.110990549014713906e+02
3.452999999999999545e+03,1.238300000000000000e+04,1.112789288230251259e+02
3.454999999999999545e+03,1.244800000000000000e+04,1.115706054478505393e+02
3.456999999999999545e+03,1.235200000000000000e+04,1.111395519155976217e+02
3.459000000000000000e+03,1.235300000000000000e+04,1.111440506729886692e+02
3.460999999999999545e+03,1.249600000000000000e+04,1.117855088998567226e+02
3.462999999999999545e+03,1.234400000000000000e+04,1.111035552986486437e+02
3.464999999999999545e+03,1.234300000000000000e+04,1.110990549014713906e+02
3.466999999999999545e+03,1.229600000000000000e+04,1.108873302050324128e+02
3.469000000000000000e+03,1.218800000000000000e+04,1.103992753599413845e+02
3.470999999999999545e+03,1.249700000000000000e+04,1.117899816620429192e+02
3.472999999999999545e+03,1.243000000000000000e+04,1.114899098573496303e+02
3.475000000000000000e+03,1.244300000000000000e+04,1.115481958616983320e+02
3.476999999999999545e+03,1.232500000000000000e+04,1.110180165558722365e+02
3.479000000000000000e+03,1.239200000000000000e+04,1.113193604006064561e+02
3.480999999999999545e+03,1.247300000000000000e+04,1.116825859299478907e+02
3.482999999999999545e+03,1.225400000000000000e+04,1.106977867890764173e+02
3.485000000000000000e+03,1.243200000000000000e+04,1.114988789181315951e+02
3.486999999999999545e+03,1.235800000000000000e+04,1.111665417290660116e+02
3.488999999999999545e+03,1.237600000000000000e+04,1.112474718813864456e+02
3.490999999999999545e+03,1.233700000000000000e+04,1.110720486891277687e+02
3.492999999999999545e+03,1.237200000000000000e+04,1.112294924918751349e+02
3.495000000000000000e+03,1.244900000000000000e+04,1.115750868249724590e+02
3.496999999999999545e+03,1.241900000000000000e+04,1.114405671198783239e+02
3.498999999999999545e+03,1.251900000000000000e+04,1.118883371938281925e+02
3.500999999999999545e+03,1.255700000000000000e+04,1.120580206857139274e+02
3.502999999999999545e+03,1.240600000000000000e+04,1.113822247937259817e+02
3.505000000000000000e+03,1.246200000000000000e+04,1.116333283567237231e+02
3.506999999999999545e+03,1.238000000000000000e+04,1.112654483656097000e+02
3.508999999999999545e+03,1.245000000000000000e+04,1.115795680221071962e+02
3.511000000000000000e+03,1.242700000000000000e+04,1.114764549131341482e+02
3.512999999999999545e+03,1.234100000000000000e+04,1.110900535601631418e+02
3.515000000000000000e+03,1.247200000000000000e+04,1.116781088665102288e+02
3.516999999999999545e+03,1.237200000000000000e+04,1.112294924918751349e+02
3.518999999999999545e+03,1.253700000000000000e+04,1.119687456391293381e+02
3.521000000000000000e+03,1.243000000000000000e+04,1.114899098573496303e+02
3.522999999999999545e+03,1.227700000000000000e+04,1.108016245368271484e+02
3.524999999999999545e+03,1.233900000000000000e+04,1.110810514894419612e+02
3.526999999999999545e+03,1.229500000000000000e+04,1.108828210319352365e+02
3.528999999999999545e+03,1.219200000000000000e+04,1.104173899347388215e+02
3.531000000000000000e+03,1.253400000000000000e+04,1.119553482420560613e+02
3.532999999999999545e+03,1.223900000000000000e+04,1.106300140106650360e+02
3.534999999999999545e+03,1.228200000000000000e+04,1.108241850861086277e+02
3.537000000000000000e+03,1.245500000000000000e+04,1.116019713087534910e+02
3.538999999999999545e+03,1.221500000000000000e+04,1.105214911227667471e+02
3.541000000000000000e+03,1.239200000000000000e+04,1.113193604006064561e+02
3.542999999999999545e+03,1.246500000000000000e+04,1.116467643955711537e+02
3.544999999999999545e+03,1.232500000000000000e+04,1.110180165558722365e+02
3.547000000000000000e+03,1.237300000000000000e+04,1.112339876117002859e+02
3.548999999999999545e+03,1.228900000000000000e+04,1.108557621416221082e+02
3.550999999999999545e+03,1.237600000000000000e+04,1.112474718813864456e+02
3.552999999999999545e+03,1.244200000000000000e+04,1.115437134042076650e+02
3.554999999999999545e+03,1.233100000000000000e+04,1.110450359088608820e+02
3.557000000000000000e+03,1.244700000000000000e+04,1.115661238907214283e+02
3.558999999999999545e+03,1.249700000000000000e+04,1.117899816620429192e+02
3.560999999999999545e+03,1.244100000000000000e+04,1.115392307665788394e+02
3.562999999999999545e+03,1.229600000000000000e+04,1.108873302050324128e+02
3.564999999999999545e+03,1.254600000000000000e+04,1.120089282155677211e+02
3.567000000000000000e+03,1.223100000000000000e+04,1.105938515470006678e+02
3.568999999999999545e+03,1.235700000000000000e+04,1.111620438818936236e+02
3.570999999999999545e+03,1.235600000000000000e+04,1.111575458527222509e+02
3.573000000000000000e+03,1.238400000000000000e+04,1.112834219459491578e+02
3.574999999999999545e+03,1.223300000000000000e+04,1.106028932713779795e+02
3.577000000000000000e+03,1.242800000000000000e+04,1.114809400749745691e+02
3.578999999999999545e+03,1.230100000000000000e+04,1.109098733206374163e+02
3.580999999999999545e+03,1.234400000000000000e+04,1.111035552986486437e+02
3.583000000000000000e+03,1.232900000000000000e+04,1.110360301884029468e+02
3.584999999999999545e+03,1.219800000000000000e+04,1.104445562261898885e+02
3.586999999999999545e+03,1.240500000000000000e+04,1.113777356566388335e+02
3.588999999999999545e+03,1.237300000000000000e+04,1.112339876117002859e+02
3.590999999999999545e+03,1.229600000000000000e+04,1.108873302050324128e+02
3.593000000000000000e+03,1.242600000000000000e+04,1.114719695708299696e+02
3.594999999999999545e+03,1.230900000000000000e+04,1.109459327780878084e+02
3.596999999999999545e+03,1.217700000000000000e+04,1.103494449464978970e+02
3.598999999999999545e+03,1.239300000000000000e+04,1.113238518916768953e+02
3.600999999999999545e+03,1.229900000000000000e+04,1.109008566242846427e+02
3.603000000000000000e+03,1.244500000000000000e+04,1.115571602363561396e+02
3.604999999999999545e+03,1.247800000000000000e+04,1.117049685555666656e+02
3.606999999999999545e+03,1.243700000000000000e+04,1.115212984142490313e+02
3.609000000000000000e+03,1.240700000000000000e+04,1.113867137498909869e+02
3.610999999999999545e+03,1.232100000000000000e+04,1.110000000000000000e+02
3.613000000000000000e+03,1.227400000000000000e+04,1.107880860020613909e+02
3.614999999999999545e+03,1.244600000000000000e+04,1.115616421535651170e+02
3.616999999999999545e+03,1.239500000000000000e+04,1.113328343302182475e+02
3.619000000000000000e+03,1.235600000000000000e+04,1.111575458527222509e+02
3.620999999999999545e+03,1.226900000000000000e+04,1.107655181001737219e+02
3.622999999999999545e+03,1.219700000000000000e+04,1.104400289750046795e+02
3.624999999999999545e+03,1.228700000000000000e+04,1.108467410436587670e+02
3.626999999999999545e+03,1.246100000000000000e+04,1.116288493177271448e+02
3.629000000000000000e+03,1.253500000000000000e+04,1.119598142192098749e+02
3.630999999999999545e+03,1.230600000000000000e+04,1.109324118551467109e+02
3.632999999999999545e+03,1.242300000000000000e+04,1.114585124609147897e+02
3.635000000000000000e+03,1.238500000000000000e+04,1.112879148874671955e+02
3.636999999999999545e+03,1.240300000000000000e+04,1.113687568396089773e+02
3.639000000000000000e+03,1.234400000000000000e+04,1.111035552986486437e+02
3.640999999999999545e+03,1.243000000000000000e+04,1.114899098573496303e+02
3.642999999999999545e+03,1.256300000000000000e+04,1.120847893337904679e+02
3.645000000000000000e+03,1.231100000000000000e+04,1.109549458113524452e+02
3.646999999999999545e+03,1.228700000000000000e+04,1.108467410436587670e+02
3.648999999999999545e+03,1.247400000000000000e+04,1.116870628139186010e+02
3.650999999999999545e+03,1.234700000000000000e+04,1.111170553965494037e+02
3.652999999999999545e+03,1.230200000000000000e+04,1.109143813939390384e+02
3.655000000000000000e+03,1.232000000000000000e+04,1.109954954040931625e+02
3.656999999999999545e+03,1.224200000000000000e+04,1.106435718873890437e+02
3.658999999999999545e+03,1.239000000000000000e+04,1.113103768747550930e+02
3.660999999999999545e+03,1.229400000000000000e+04,1.108783116754584626e+02
3.662999999999999545e+03,1.248000000000000000e+04,1.117139203501519660e+02
3.665000000000000000e+03,1.233800000000000000e+04,1.110765501804944506e+02
3.666999999999999545e+03,1.245900000000000000e+04,1.116198907005382353e+02
3.668999999999999545e+03,1.231100000000000000e+04,1.109549458113524452e+02
3.671000000000000000e+03,1.244900000000000000e+04,1.115750868249724590e+02
3.672999999999999545e+03,1.233400000000000000e+04,1.110585431202835025e+02
3.675000000000000000e+03,1.256400000000000000e+04,1.120892501536163763e+02
3.676999999999999545e+03,1.250500000000000000e+04,1.118257573191440315e+02
3.678999999999999545e+03,1.231100000000000000e+04,1.109549458113524452e+02
3.681000000000000000e+03,1.253600000000000000e+04,1.119642800182264182e+02
3.682999999999999545e+03,1.243200000000000000e+04,1.114988789181315951e+02
3.684999999999999545e+03,1.260300000000000000e+04,1.122630838699878950e+02
3.686999999999999545e+03,1.221500000000000000e+04,1.105214911227667471e+02
3.688999999999999545e+03,1.230500000000000000e+04,1.109279045145995042e+02
3.691000000000000000e+03,1.216900000000000000e+04,1.103131905077534611e+02
3.692999999999999545e+03,1.217100000000000000e+04,1.103222552343813732e+02
3.694999999999999545e+03,1.224800000000000000e+04,1.106706826580557390e+02
3.696999999999999545e+03,1.236800000000000000e+04,1.112115101956624130e+02
3.698999999999999545e+03,1.228600000000000000e+04,1.108422302193521318e+02
3.701000000000000000e+03,1.244200000000000000e+04,1.115437134042076650e+02
3.702999999999999545e+03,1.217600000000000000e+04,1.103449137930692814e+02
3.704999999999999545e+03,1.234100000000000000e+04,1.110900535601631418e+02
3.707000000000000000e+03,1.226100000000000000e+04,1.107293998900022416e+02
3.708999999999999545e+03,1.238900000000000000e+04,1.113058848399305134e+02
3.711000000000000000e+03,1.245100000000000000e+04,1.115840490392783977e+02
3.712999999999999545e+03,1.217400000000000000e+04,1.103358509279732971e+02
3.714999999999999545e+03,1.245300000000000000e+04,1.115930105338138674e+02
3.717000000000000000e+03,1.245400000000000000e+04,1.115974910112236103e+02
3.718999999999999545e+03,1.234900000000000000e+04,1.111260545506775088e+02
3.720999999999999545e+03,1.248100000000000000e+04,1.117183959784597391e+02
3.722999999999999545e+03,1.245700000000000000e+04,1.116109313642700727e+02
3.724999999999999545e+03,1.252200000000000000e+04,1.119017426137761504e+02
3.727000000000000000e+03,1.235900000000000000e+04,1.111710393942594237e+02
3.728999999999999545e+03,1.241600000000000000e+04,1.114271062174721010e+02
3.730999999999999545e+03,1.245100000000000000e+04,1.115840490392783977e+02
3.733000000000000000e+03,1.233700000000000000e+04,1.110720486891277687e+02
3.734999999999999545e+03,1.241400000000000000e+04,1.114181313790541026e+02
3.737000000000000000e+03,1.238700000000000000e+04,1.112969002263762377e+02
3.738999999999999545e+03,1.230200000000000000e+04,1.109143813939390384e+02
3.740999999999999545e+03,1.236700000000000000e+04,1.112070141672720638e+02
3.743000000000000000e+03,1.220000000000000000e+04,1.104536101718731516e+02
3.744999999999999545e+03,1.225300000000000000e+04,1.106932698947857716e+02
3.746999999999999545e+03,1.242900000000000000e+04,1.114854250563730602e+02
3.748999999999999545e+03,1.238100000000000000e+04,1.112699420328772248e+02
3.750999999999999545e+03,1.232700000000000000e+04,1.110270237374661519e+02
3.753000000000000000e+03,1.236300000000000000e+04,1.111890282357035176e+02
3.754999999999999545e+03,1.227800000000000000e+04,1.108061370141567750e+02
3.756999999999999545e+03,1.209400000000000000e+04,1.099727238909727021e+02
3.758999999999999545e+03,1.235900000000000000e+04,1.111710393942594237e+02
3.760999999999999545e+03,1.227000000000000000e+04,1.107700320483836549e+02
3.763000000000000000e+03,1.245700000000000000e+04,1.116109313642700727e+02
3.764999999999999545e+03,1.246100000000000000e+04,1.116288493177271448e+02
3.766999999999999545e+03,1.228400000000000000e+04,1.108332080199797929e+02
3.769000000000000000e+03,1.245900000000000000e+04,1.116198907005382353e+02
3.770999999999999545e+03,1.242300000000000000e+04,1.114585124609147897e+02
3.773000000000000000e+03,1.234700000000000000e+04,1.111170553965494037e+02
3.774999999999999545e+03,1.231800000000000000e+04,1.109864856637959747e+02
3.776999999999999545e+03,1.240400000000000000e+04,1.113732463386077143e+02
3.779000000000000000e+03,1.237500000000000000e+04,1.112429773064341134e+02
3.780999999999999545e+03,1.218900000000000000e+04,1.104038042822794523e+02
3.782999999999999545e+03,1.245500000000000000e+04,1.116019713087534910e+02
3.784999999999999545e+03,1.244600000000000000e+04,1.115616421535651170e+02
3.786999999999999545e+03,1.261300000000000000e+04,1.123076132771057019e+02
3.789000000000000000e+03,1.234400000000000000e+04,1.111035552986486437e+02
3.790999999999999545e+03,1.252800000000000000e+04,1.119285486370663421e+02
3.792999999999999545e+03,1.223100000000000000e+04,1.105938515470006678e+02
3.794999999999999545e+03,1.229600000000000000e+04,1.108873302050324128e+02
3.796999999999999545e+03,1.231400000000000000e+04,1.109684639886490913e+02
3.799000000000000000e+03,1.234800000000000000e+04,1.111215550647120835e+02
3.800999999999999545e+03,1.228100000000000000e+04,1.108196733436798240e+02
3.802999999999999545e+03,1.248400000000000000e+04,1.117318217877073039e+02
3.805000000000000000e+03,1.223800000000000000e+04,1.106254943491785525e+02
3.806999999999999545e+03,1.235600000000000000e+04,1.111575458527222509e+02
3.808999999999999545e+03,1.223800000000000000e+04,1.106254943491785525e+02
3.810999999999999545e+03,1.263200000000000000e+04,1.123921705458160432e+02
3.812999999999999545e+03,1.232500000000000000e+04,1.110180165558722365e+02
3.815000000000000000e+03,1.233500000000000000e+04,1.110630451590441226e+02
3.816999999999999545e+03,1.241500000000000000e+04,1.114226188886259479e+02
3.818999999999999545e+03,1.246200000000000000e+04,1.116333283567237231e+02
3.820999999999999545e+03,1.230800000000000000e+04,1.109414259868699446e+02
3.822999999999999545e+03,1.234900000000000000e+04,1.111260545506775088e+02
3.825000000000000000e+03,1.228000000000000000e+04,1.108151614175603754e+02
3.826999999999999545e+03,1.234900000000000000e+04,1.111260545506775088e+02
3.828999999999999545e+03,1.236700000000000000e+04,1.112070141672720638e+02
3.830999999999999545e+03,1.227500000000000000e+04,1.107925990308012842e+02
3.832999999999999545e+03,1.238600000000000000e+04,1.112924076476010669e+02
3.835000000000000000e+03,1.238100000000000000e+04,1.112699420328772248e+02
3.836999999999999545e+03,1.236400000000000000e+04,1.111935249913403823e+02
3.838999999999999545e+03,1.230500000000000000e+04,1.109279045145995042e+02
3.841000000000000000e+03,1.252500000000000000e+04,1.119151464279966603e+02
3.842999999999999545e+03,1.230600000000000000e+04,1.109324118551467109e+02
3.844999999999999545e+03,1.246900000000000000e+04,1.116646765991827124e+02
3.846999999999999545e+03,1.230600000000000000e+04,1.109324118551467109e+02
3.848999999999999545e+03,1.252200000000000000e+04,1.119017426137761504e+02
3.851000000000000000e+03,1.240300000000000000e+04,1.113687568396089773e+02
3.852999999999999545e+03,1.222500000000000000e+04,1.105667219374790875e+02
3.854999999999999545e+03,1.242300000000000000e+04,1.114585124609147897e+02
3.856999999999999545e+03,1.235300000000000000e+04,1.111440506729886692e+02
3.858999999999999545e+03,1.257100000000000000e+04,1.121204709230205481e+02
3.861000000000000000e+03,1.247600000000000000e+04,1.116960160435464786e+02
3.862999999999999545e+03,1.238200000000000000e+04,1.112744355186769099e+02
3.864999999999999545e+03,1.227700000000000000e+04,1.108016245368271484e+02
3.867000000000000000e+03,1.237300000000000000e+04,1.112339876117002859e+02
3.868999999999999545e+03,1.236000000000000000e+04,1.111755368774975068e+02
3.871000000000000000e+03,1.256100000000000000e+04,1.120758671614894411e+02
3.872999999999999545e+03,1.228100000000000000e+04,1.108196733436798240e+02
3.874999999999999545e+03,1.248900000000000000e+04,1.117541945521516027e+02
3.877000000000000000e+03,1.247900000000000000e+04,1.117094445425282174e+02
3.878999999999999545e+03,1.222800000000000000e+04,1.105802875742319884e+02
3.880999999999999545e+03,1.222700000000000000e+04,1.105757658802322112e+02
3.882999999999999545e+03,1.223300000000000000e+04,1.106028932713779795e+02
3.884999999999999545e+03,1.231600000000000000e+04,1.109774751920413109e+02
3.887000000000000000e+03,1.238600000000000000e+04,1.112924076476010669e+02
3.888999999999999545e+03,1.223000000000000000e+04,1.105893304075943888e+02
3.890999999999999545e+03,1.240100000000000000e+04,1.113597772986286145e+02
3.892999999999999545e+03,1.226700000000000000e+04,1.107564896518488240e+02
3.894999999999999545e+03,1.237600000000000000e+04,1.112474718813864456e+02
3.897000000000000000e+03,1.217500000000000000e+04,1.103403824535689637e+02
3.898999999999999091e+03,1.224000000000000000e+04,1.106345334875150002e+02
3.900999999999999545e+03,1.239600000000000000e+04,1.113373252777346352e+02
3.903000000000000000e+03,1.248700000000000000e+04,1.117452459838896175e+02
3.905000000000000000e+03,1.226000000000000000e+04,1.107248842853314272e+02
3.907000000000000000e+03,1.255900000000000000e+04,1.120669442788548622e+02
3.909000000000000000e+03,1.232700000000000000e+04,1.110270237374661519e+02
3.911000000000000455e+03,1.242200000000000000e+04,1.114540263965373015e+02
3.913000000000000000e+03,1.232100000000000000e+04,1.110000000000000000e+02
3.915000000000000000e+03,1.219500000000000000e+04,1.104309739158361481e+02
3.917000000000000455e+03,1.243200000000000000e+04,1.114988789181315951e+02
3.918999999999999545e+03,1.219800000000000000e+04,1.104445562261898885e+02
3.921000000000000000e+03,1.252200000000000000e+04,1.119017426137761504e+02
3.923000000000000455e+03,1.228000000000000000e+04,1.108151614175603754e+02
3.924999999999999545e+03,1.246200000000000000e+04,1.116333283567237231e+02
3.927000000000000000e+03,1.242800000000000000e+04,1.114809400749745691e+02
3.929000000000000000e+03,1.225600000000000000e+04,1.107068200247849745e+02
3.931000000000000455e+03,1.244900000000000000e+04,1.115750868249724590e+02
3.933000000000000000e+03,1.227700000000000000e+04,1.108016245368271484e+02
3.935000000000000000e+03,1.241100000000000000e+04,1.114046677657624969e+02
3.937000000000000455e+03,1.258300000000000000e+04,1.121739720255991415e+02
3.939000000000000000e+03,1.232900000000000000e+04,1.110360301884029468e+02
3.941000000000000000e+03,1.245600000000000000e+04,1.116064514264289755e+02
3.943000000000000455e+03,1.204600000000000000e+04,1.097542709875106084e+02
3.944999999999999545e+03,1.224500000000000000e+04,1.106571281029828242e+02
3.947000000000000000e+03,1.240200000000000000e+04,1.113642671596226137e+02
3.949000000000000455e+03,1.220900000000000000e+04,1.104943437466372416e+02
3.951000000000000455e+03,1.230200000000000000e+04,1.109143813939390384e+02
3.953000000000000000e+03,1.230600000000000000e+04,1.109324118551467109e+02
3.955000000000000000e+03,1.228400000000000000e+04,1.108332080199797929e+02
3.957000000000000455e+03,1.243400000000000000e+04,1.115078472574914485e+02
3.959000000000000000e+03,1.215800000000000000e+04,1.102633211906850192e+02
3.961000000000000000e+03,1.238900000000000000e+04,1.113058848399305134e+02
3.963000000000000455e+03,1.249800000000000000e+04,1.117944542452805763e+02
3.965000000000000000e+03,1.223800000000000000e+04,1.106254943491785525e+02
3.967000000000000000e+03,1.248100000000000000e+04,1.117183959784597391e+02
3.969000000000000455e+03,1.229300000000000000e+04,1.108738021355802630e+02
3.970999999999999545e+03,1.244600000000000000e+04,1.115616421535651170e+02
3.973000000000000000e+03,1.226100000000000000e+04,1.107293998900022416e+02
3.975000000000000455e+03,1.236400000000000000e+04,1.111935249913403823e+02
3.977000000000000455e+03,1.231500000000000000e+04,1.109729696818103548e+02
3.979000000000000000e+03,1.241100000000000000e+04,1.114046677657624969e+02
3.981000000000000000e+03,1.232500000000000000e+04,1.110180165558722365e+02
3.983000000000000455e+03,1.261200000000000000e+04,1.123031611309324944e+02
3.985000000000000000e+03,1.236200000000000000e+04,1.111845312981986353e+02
3.987000000000000000e+03,1.241000000000000000e+04,1.114001795330696041e+02
3.989000000000000455e+03,1.245000000000000000e+04,1.115795680221071962e+02
3.990999999999999545e+03,1.233600000000000000e+04,1.110675470153182687e+02
3.993000000000000000e+03,1.209700000000000000e+04,1.099863627910290234e+02
3.995000000000000455e+03,1.242500000000000000e+04,1.114674840480402054e+02
3.996999999999999545e+03,1.242000000000000000e+04,1.114450537260399869e+02
3.999000000000000000e+03,1.246900000000000000e+04,1.116646765991827124e+02
4.001000000000000000e+03,1.219900000000000000e+04,1.104490832918054366e+02
4.003000000000000455e+03,1.248500000000000000e+04,1.117362966989694542e+02
4.005000000000000000e+03,1.239800000000000000e+04,1.113463066293625161e+02
4.007000000000000000e+03,1.229100000000000000e+04,1.108647825055377325e+02
4.009000000000000455e+03,1.244000000000000000e+04,1.115347479487900273e+02
4.011000000000000000e+03,1.224300000000000000e+04,1.106480908104604168e+02
4.013000000000000000e+03,1.228400000000000000e+04,1.108332080199797929e+02
4.015000000000000455e+03,1.231700000000000000e+04,1.109819805193619686e+02
4.016999999999999545e+03,1.242900000000000000e+04,1.114854250563730602e+02
4.019000000000000000e+03,1.227000000000000000e+04,1.107700320483836549e+02
4.021000000000000455e+03,1.243300000000000000e+04,1.115033631779770076e+02
4.022999999999999545e+03,1.223600000000000000e+04,1.106164544721978018e+02
4.025000000000000000e+03,1.249900000000000000e+04,1.117989266495878837e+02
4.027000000000000000e+03,1.238100000000000000e+04,1.112699420328772248e+02
4.029000000000000455e+03,1.221900000000000000e+04,1.105395856695686234e+02
4.031000000000000000e+03,1.234800000000000000e+04,1.111215550647120835e+02
4.033000000000000000e+03,1.248900000000000000e+04,1.117541945521516027e+02
4.035000000000000455e+03,1.242700000000000000e+04,1.114764549131341482e+02
4.037000000000000000e+03,1.245300000000000000e+04,1.115930105338138674e+02
4.039000000000000000e+03,1.233000000000000000e+04,1.110405331399306306e+02
4.041000000000000455e+03,1.230300000000000000e+04,1.109188892840174958e+02
4.042999999999999545e+03,1.227900000000000000e+04,1.108106493077266350e+02
4.045000000000000000e+03,1.241700000000000000e+04,1.114315933656162088e+02
4.047000000000000455e+03,1.242000000000000000e+04,1.114450537260399869e+02
4.049000000000000455e+03,1.235500000000000000e+04,1.111530476415282465e+02
4.051000000000000000e+03,1.228700000000000000e+04,1.108467410436587670e+02
4.053000000000000000e+03,1.248600000000000000e+04,1.117407714310229494e+02
4.055000000000000455e+03,1.219800000000000000e+04,1.104445562261898885e+02
4.057000000000000000e+03,1.239100000000000000e+04,1.113148687283064646e+02
4.059000000000000000e+03,1.249900000000000000e+04,1.117989266495878837e+02
4.061000000000000455e+03,1.229600000000000000e+04,1.108873302050324128e+02
4.062999999999999545e+03,1.234300000000000000e+04,1.110990549014713906e+02
4.065000000000000000e+03,1.232500000000000000e+04,1.110180165558722365e+02
4.067000000000000455e+03,1.247000000000000000e+04,1.116691542011485581e+02
4.068999999999999545e+03,1.235800000000000000e+04,1.111665417290660116e+02
4.071000000000000000e+03,1.240500000000000000e+04,1.113777356566388335e+02
4.073000000000000455e+03,1.229900000000000000e+04,1.109008566242846427e+02
4.075000000000000455e+03,1.225100000000000000e+04,1.106842355532171496e+02
4.077000000000000000e+03,1.228900000000000000e+04,1.108557621416221082e+02
4.079000000000000000e+03,1.214800000000000000e+04,1.102179658676395775e+02
4.081000000000000455e+03,1.240800000000000000e+04,1.113912025251538580e+02
4.083000000000000000e+03,1.239000000000000000e+04,1.113103768747550930e+02
4.085000000000000000e+03,1.231000000000000000e+04,1.109504393862407596e+02
